-- --------------------------------------------------------
-- Host:                         192.168.200.8
-- Server versie:                5.5.34-log - MySQL Community Server (GPL) by Remi
-- Server OS:                    Linux
-- HeidiSQL Versie:              8.0.0.4396
-- --------------------------------------------------------

/*!40101 SET @OLD_CHARACTER_SET_CLIENT=@@CHARACTER_SET_CLIENT */;
/*!40101 SET NAMES utf8 */;
/*!40014 SET @OLD_FOREIGN_KEY_CHECKS=@@FOREIGN_KEY_CHECKS, FOREIGN_KEY_CHECKS=0 */;
/*!40101 SET @OLD_SQL_MODE=@@SQL_MODE, SQL_MODE='NO_AUTO_VALUE_ON_ZERO' */;
-- Dumpen data van tabel decorrespondent.app_keys: 1 rows
/*!40000 ALTER TABLE `app_keys` DISABLE KEYS */;
INSERT INTO `app_keys` (`ID`, `app_key`, `app_value`) VALUES
	(1, 'since', '3,8859981529194E+17');
/*!40000 ALTER TABLE `app_keys` ENABLE KEYS */;

-- Dumpen data van tabel decorrespondent.artikelen: 81 rows
/*!40000 ALTER TABLE `artikelen` DISABLE KEYS */;
INSERT INTO `artikelen` (`ID`, `clean_url`, `t_co`, `share_url`, `created_at`, `og`) VALUES
	(7, 'https://decorrespondent.nl/104/hoe-nederland-grootmacht-in-schaduwbankieren-werd', 'https://t.co/pzHpxHSVqU', 'https://decorrespondent.nl/104/hoe-nederland-grootmacht-in-schaduwbankieren-werd/8796216-a413da19', '2013-10-03 19:21:21', 'a:10:{s:3:"url";s:97:"https://decorrespondent.nl/104/hoe-nederland-grootmacht-in-schaduwbankieren-werd/8796216-a413da19";s:6:"locale";s:5:"nl_NL";s:5:"title";s:49:"Hoe Nederland grootmacht in schaduwbankieren werd";s:11:"description";s:0:"";s:9:"site_name";s:16:"De Correspondent";s:4:"type";s:7:"article";s:22:"article:published_time";s:10:"1380884653";s:21:"article:modified_time";s:10:"1380884653";s:14:"article:author";s:13:"Ewald Engelen";s:15:"article:section";s:38:"Financiële Sector &amp; Schaduwelites";}'),
	(6, 'https://decorrespondent.nl/56/beter-dan-the-bridge', 'https://t.co/tXLl8WPvI7', 'https://decorrespondent.nl/56/beter-dan-the-bridge/846384616-387392ed', '2013-10-03 19:22:29', 'a:15:{s:3:"url";s:69:"https://decorrespondent.nl/56/beter-dan-the-bridge/846384616-387392ed";s:6:"locale";s:5:"nl_NL";s:5:"title";s:20:"Beter dan The Bridge";s:11:"description";s:0:"";s:9:"site_name";s:16:"De Correspondent";s:4:"type";s:7:"article";s:22:"article:published_time";s:10:"1380789410";s:21:"article:modified_time";s:10:"1380789410";s:14:"article:author";s:10:"Nina Polak";s:15:"article:section";s:40:"Televisie, Games, Films &amp; Literatuur";s:5:"image";s:86:"https://dynamic.decorrespondent.nl/ff-1380483590/media/660/524882068fb9a1.07197642.jpg";s:16:"image:secure_url";s:86:"https://dynamic.decorrespondent.nl/ff-1380483590/media/660/524882068fb9a1.07197642.jpg";s:10:"image:type";s:10:"image/jpeg";s:11:"image:width";s:3:"660";s:12:"image:height";s:3:"330";}'),
	(5, 'https://decorrespondent.nl/3/de-oplossing-voor-bijna-alles-minder-werken', 'https://t.co/8OS3zySG7O', 'https://decorrespondent.nl/3/de-oplossing-voor-bijna-alles-minder-werken/115181220-896d58c0', '2013-10-03 19:21:34', 'a:15:{s:3:"url";s:91:"https://decorrespondent.nl/3/de-oplossing-voor-bijna-alles-minder-werken/115181220-896d58c0";s:6:"locale";s:5:"nl_NL";s:5:"title";s:46:"De oplossing voor (bijna) alles: minder werken";s:11:"description";s:141:"Zou jij een deel van je koopkracht willen inleveren voor meer vrije tijd? Zo ja, onder welke voorwaarden? Ik ben benieuwd naar jullie mening.";s:9:"site_name";s:16:"De Correspondent";s:4:"type";s:7:"article";s:22:"article:published_time";s:10:"1380889742";s:21:"article:modified_time";s:10:"1380889742";s:14:"article:author";s:14:"Rutger Bregman";s:15:"article:section";s:11:"Vooruitgang";s:5:"image";s:86:"https://dynamic.decorrespondent.nl/ff-1380486684/media/660/52488481872683.51580291.jpg";s:16:"image:secure_url";s:86:"https://dynamic.decorrespondent.nl/ff-1380486684/media/660/52488481872683.51580291.jpg";s:10:"image:type";s:10:"image/jpeg";s:11:"image:width";s:3:"660";s:12:"image:height";s:3:"330";}'),
	(8, 'https://decorrespondent.nl/45/het-participatiegezin-is-de-toekomst', 'https://t.co/IgnAPDAVKE', 'https://decorrespondent.nl/45/het-participatiegezin-is-de-toekomst/2436567210-ef7accc9', '2013-10-03 19:25:15', 'a:15:{s:3:"url";s:86:"https://decorrespondent.nl/45/het-participatiegezin-is-de-toekomst/2436567210-ef7accc9";s:6:"locale";s:5:"nl_NL";s:5:"title";s:36:"Het participatiegezin is de toekomst";s:11:"description";s:98:"Ken of ben je iemand die onderdeel uitmaakt van een participatiegezin? Ik hoor er graag meer over!";s:9:"site_name";s:16:"De Correspondent";s:4:"type";s:7:"article";s:22:"article:published_time";s:10:"1380536892";s:21:"article:modified_time";s:10:"1380536892";s:14:"article:author";s:14:"Daan Windhorst";s:15:"article:section";s:6:"Satire";s:5:"image";s:86:"https://dynamic.decorrespondent.nl/ff-1380466537/media/660/5246c25ab09680.81152907.jpg";s:16:"image:secure_url";s:86:"https://dynamic.decorrespondent.nl/ff-1380466537/media/660/5246c25ab09680.81152907.jpg";s:10:"image:type";s:10:"image/jpeg";s:11:"image:width";s:3:"660";s:12:"image:height";s:3:"330";}'),
	(9, 'https://decorrespondent.nl/21/persbericht-van-al-shabaab', 'https://t.co/KjB8ONGdyZ', 'https://decorrespondent.nl/21/persbericht-van-al-shabaab/664121997-8613f698', '2013-10-03 19:20:08', 'a:15:{s:3:"url";s:75:"https://decorrespondent.nl/21/persbericht-van-al-shabaab/664121997-8613f698";s:6:"locale";s:5:"nl_NL";s:5:"title";s:26:"Persbericht van Al-Shabaab";s:11:"description";s:0:"";s:9:"site_name";s:16:"De Correspondent";s:4:"type";s:7:"article";s:22:"article:published_time";s:10:"1380702505";s:21:"article:modified_time";s:10:"1380702505";s:14:"article:author";s:12:"Rob Wijnberg";s:15:"article:section";s:31:"Media, Politiek &amp; Filosofie";s:5:"image";s:86:"https://dynamic.decorrespondent.nl/ff-1380641283/media/660/524aea03e8bbc2.72166706.jpg";s:16:"image:secure_url";s:86:"https://dynamic.decorrespondent.nl/ff-1380641283/media/660/524aea03e8bbc2.72166706.jpg";s:10:"image:type";s:10:"image/jpeg";s:11:"image:width";s:3:"660";s:12:"image:height";s:3:"330";}'),
	(10, 'https://decorrespondent.nl/8/niemand-weet-wie-onze-staatsschuld-bezit', 'https://t.co/MXU8mxyfWD', 'https://decorrespondent.nl/8/niemand-weet-wie-onze-staatsschuld-bezit/27372840-abb4aed9', '2013-10-03 19:21:01', 'a:15:{s:3:"url";s:87:"https://decorrespondent.nl/8/niemand-weet-wie-onze-staatsschuld-bezit/27372840-abb4aed9";s:6:"locale";s:5:"nl_NL";s:5:"title";s:40:"Niemand weet wie onze staatsschuld bezit";s:11:"description";s:0:"";s:9:"site_name";s:16:"De Correspondent";s:4:"type";s:7:"article";s:22:"article:published_time";s:10:"1380721779";s:21:"article:modified_time";s:10:"1380721779";s:14:"article:author";s:17:"Dimitri Tokmetzis";s:15:"article:section";s:24:"Data &amp; Transparantie";s:5:"image";s:86:"https://dynamic.decorrespondent.nl/ff-1380664110/media/660/524ae31a7ebe77.71571107.jpg";s:16:"image:secure_url";s:86:"https://dynamic.decorrespondent.nl/ff-1380664110/media/660/524ae31a7ebe77.71571107.jpg";s:10:"image:type";s:10:"image/jpeg";s:11:"image:width";s:3:"660";s:12:"image:height";s:3:"330";}'),
	(11, 'https://decorrespondent.nl/19/politiek-en-popcorn', 'https://t.co/6YUpLPJ83C', 'https://decorrespondent.nl/19/politiek-en-popcorn/613143927-46f60b4b', '2013-10-03 19:22:54', 'a:15:{s:3:"url";s:68:"https://decorrespondent.nl/19/politiek-en-popcorn/613143927-46f60b4b";s:6:"locale";s:5:"nl_NL";s:5:"title";s:19:"Politiek en popcorn";s:11:"description";s:122:"Voel jij je betrokken bij de politiek? Zie jij wel wat terug van de visie van politici? Ik zou daar graag meer over horen.";s:9:"site_name";s:16:"De Correspondent";s:4:"type";s:7:"article";s:22:"article:published_time";s:10:"1380794616";s:21:"article:modified_time";s:10:"1380794616";s:14:"article:author";s:16:"Ernst-Jan Pfauth";s:15:"article:section";s:37:"Nieuwe journalistiek &amp; Literatuur";s:5:"image";s:86:"https://dynamic.decorrespondent.nl/ff-1380653342/media/660/524b191eb24655.84347623.jpg";s:16:"image:secure_url";s:86:"https://dynamic.decorrespondent.nl/ff-1380653342/media/660/524b191eb24655.84347623.jpg";s:10:"image:type";s:10:"image/jpeg";s:11:"image:width";s:3:"660";s:12:"image:height";s:3:"330";}'),
	(12, 'https://decorrespondent.nl/18/de-wereld-vergaat-maar-mensen-blijven-hun-best-doen', 'https://t.co/UzGX9BRFNM', 'https://decorrespondent.nl/18/de-wereld-vergaat-maar-mensen-blijven-hun-best-doen/1107216-2f4abf48', '2013-10-03 19:21:45', 'a:10:{s:3:"url";s:98:"https://decorrespondent.nl/18/de-wereld-vergaat-maar-mensen-blijven-hun-best-doen/1107216-2f4abf48";s:6:"locale";s:5:"nl_NL";s:5:"title";s:51:"De wereld vergaat maar mensen blijven hun best doen";s:11:"description";s:0:"";s:9:"site_name";s:16:"De Correspondent";s:4:"type";s:7:"article";s:22:"article:published_time";s:10:"1380529208";s:21:"article:modified_time";s:10:"1380529208";s:14:"article:author";s:16:"Ernst-Jan Pfauth";s:15:"article:section";s:37:"Nieuwe journalistiek &amp; Literatuur";}'),
	(13, 'https://decorrespondent.nl/90/de-barmhartige-donor', 'https://t.co/fliG6ix8zb', 'https://decorrespondent.nl/90/de-barmhartige-donor/603894060-cf52bf1e', '2013-10-03 19:20:36', 'a:10:{s:3:"url";s:69:"https://decorrespondent.nl/90/de-barmhartige-donor/603894060-cf52bf1e";s:6:"locale";s:5:"nl_NL";s:5:"title";s:20:"De barmhartige donor";s:11:"description";s:234:"Voor het verhaal over Samaritaanse donatie ben ik op zoek naar mensen die bij leven een orgaan afstaan aan een vreemde. Ken of ben jij zo iemand? Of kun je anderszins bijdragen aan dit verhaal? Laat het me hieronder of per mail weten.";s:9:"site_name";s:16:"De Correspondent";s:4:"type";s:7:"article";s:22:"article:published_time";s:10:"1380549979";s:21:"article:modified_time";s:10:"1380549979";s:14:"article:author";s:11:"Vera Mulder";s:15:"article:section";s:34:"Maatschappij, Gedrag &amp; Groepen";}'),
	(14, 'https://decorrespondent.nl/32/wat-is-de-creatieve-industrie', 'https://t.co/m2IgiG23dr', 'https://decorrespondent.nl/32/wat-is-de-creatieve-industrie/1657133280-238c629d', '2013-10-03 19:21:28', 'a:10:{s:3:"url";s:79:"https://decorrespondent.nl/32/wat-is-de-creatieve-industrie/1657133280-238c629d";s:6:"locale";s:5:"nl_NL";s:5:"title";s:30:"Wat is de creatieve industrie?";s:11:"description";s:2:"  ";s:9:"site_name";s:16:"De Correspondent";s:4:"type";s:7:"article";s:22:"article:published_time";s:10:"1380874403";s:21:"article:modified_time";s:10:"1380874403";s:14:"article:author";s:11:"Lynn Berger";s:15:"article:section";s:35:"Technologie, Cultuur &amp; Clichés";}'),
	(15, 'https://decorrespondent.nl/63/met-papa-en-mama-in-de-daklozenopvang', 'https://t.co/yNiBPWSFXP', 'https://decorrespondent.nl/63/met-papa-en-mama-in-de-daklozenopvang/1626477237-bfa25c96', '2013-10-03 19:20:17', 'a:15:{s:3:"url";s:87:"https://decorrespondent.nl/63/met-papa-en-mama-in-de-daklozenopvang/1626477237-bfa25c96";s:6:"locale";s:5:"nl_NL";s:5:"title";s:37:"Met papa en mama in de daklozenopvang";s:11:"description";s:0:"";s:9:"site_name";s:16:"De Correspondent";s:4:"type";s:7:"article";s:22:"article:published_time";s:10:"1380632222";s:21:"article:modified_time";s:10:"1380632222";s:14:"article:author";s:11:"Vera Mulder";s:15:"article:section";s:34:"Maatschappij, Gedrag &amp; Groepen";s:5:"image";s:86:"https://dynamic.decorrespondent.nl/ff-1380484462/media/660/5248856e79ebd4.52047155.jpg";s:16:"image:secure_url";s:86:"https://dynamic.decorrespondent.nl/ff-1380484462/media/660/5248856e79ebd4.52047155.jpg";s:10:"image:type";s:10:"image/jpeg";s:11:"image:width";s:3:"660";s:12:"image:height";s:3:"330";}'),
	(16, 'https://decorrespondent.nl/89/speuren-naar-verhalen-in-de-databerg', 'https://t.co/Ig0pRhsvBd', 'https://decorrespondent.nl/89/speuren-naar-verhalen-in-de-databerg/557037294-78ac37b5', '2013-10-03 19:21:07', 'a:15:{s:3:"url";s:85:"https://decorrespondent.nl/89/speuren-naar-verhalen-in-de-databerg/557037294-78ac37b5";s:6:"locale";s:5:"nl_NL";s:5:"title";s:36:"Speuren naar verhalen in de databerg";s:11:"description";s:0:"";s:9:"site_name";s:16:"De Correspondent";s:4:"type";s:7:"article";s:22:"article:published_time";s:10:"1380488542";s:21:"article:modified_time";s:10:"1380488542";s:14:"article:author";s:17:"Dimitri Tokmetzis";s:15:"article:section";s:24:"Data &amp; Transparantie";s:5:"image";s:86:"https://dynamic.decorrespondent.nl/ff-1380526693/media/660/52489558ba2a51.00529821.jpg";s:16:"image:secure_url";s:86:"https://dynamic.decorrespondent.nl/ff-1380526693/media/660/52489558ba2a51.00529821.jpg";s:10:"image:type";s:10:"image/jpeg";s:11:"image:width";s:3:"660";s:12:"image:height";s:3:"330";}'),
	(17, 'https://decorrespondent.nl/81/silicon-savannah-de-onzichtbare-innovatie-in-afrika', 'https://t.co/X2OEEyEpPJ', 'https://decorrespondent.nl/81/silicon-savannah-de-onzichtbare-innovatie-in-afrika/26988390-56165b63', '2013-10-03 19:22:58', 'a:10:{s:3:"url";s:99:"https://decorrespondent.nl/81/silicon-savannah-de-onzichtbare-innovatie-in-afrika/26988390-56165b63";s:6:"locale";s:5:"nl_NL";s:5:"title";s:53:"Silicon Savannah - de onzichtbare innovatie in Afrika";s:11:"description";s:123:"Zijn er nog vragen over de ict-sector in Afrika die jullie specifiek beantwoord willen zien? Laat het me dan vooral weten. ";s:9:"site_name";s:16:"De Correspondent";s:4:"type";s:7:"article";s:22:"article:published_time";s:10:"1380707659";s:21:"article:modified_time";s:10:"1380707659";s:14:"article:author";s:15:"Maite Vermeulen";s:15:"article:section";s:27:"Conflict &amp; Ontwikkeling";}'),
	(18, 'https://decorrespondent.nl/102/breivik-gaat-studeren', 'https://t.co/LvKZvv4FTw', 'https://decorrespondent.nl/102/breivik-gaat-studeren/1100080608-a58ab1de', '2013-10-03 19:23:48', 'a:15:{s:3:"url";s:72:"https://decorrespondent.nl/102/breivik-gaat-studeren/1100080608-a58ab1de";s:6:"locale";s:5:"nl_NL";s:5:"title";s:21:"Breivik gaat studeren";s:11:"description";s:0:"";s:9:"site_name";s:16:"De Correspondent";s:4:"type";s:7:"article";s:22:"article:published_time";s:10:"1380614467";s:21:"article:modified_time";s:10:"1380614467";s:14:"article:author";s:13:"Femke Halsema";s:15:"article:section";s:37:"Criminaliteit &amp; Populaire cultuur";s:5:"image";s:86:"https://dynamic.decorrespondent.nl/ff-1380572980/media/660/5249df34a77a75.78082711.jpg";s:16:"image:secure_url";s:86:"https://dynamic.decorrespondent.nl/ff-1380572980/media/660/5249df34a77a75.78082711.jpg";s:10:"image:type";s:10:"image/jpeg";s:11:"image:width";s:3:"660";s:12:"image:height";s:3:"330";}'),
	(24, 'https://decorrespondent.nl/118/europa-gelooft-steeds-minder-in-democratie', 'https://t.co/QBSYITT8Bx', 'https://decorrespondent.nl/118/europa-gelooft-steeds-minder-in-democratie/4898221064-0b0ce069', '2013-10-04 11:36:16', 'a:15:{s:3:"url";s:93:"https://decorrespondent.nl/118/europa-gelooft-steeds-minder-in-democratie/4898221064-0b0ce069";s:6:"locale";s:5:"nl_NL";s:5:"title";s:42:"Europa gelooft steeds minder in democratie";s:11:"description";s:113:"Mijn vraag van vandaag: hoe komt het dat die neergang van vertrouwen in de democratie niet tot meer onrust leidt?";s:9:"site_name";s:16:"De Correspondent";s:4:"type";s:7:"article";s:22:"article:published_time";s:10:"1380878028";s:21:"article:modified_time";s:10:"1380878028";s:14:"article:author";s:19:"David Van Reybrouck";s:15:"article:section";s:45:"Democratie, Cartografie &amp; Conflictanalyse";s:5:"image";s:86:"https://dynamic.decorrespondent.nl/ff-1380820966/media/660/524da7e6b30ce4.97874757.jpg";s:16:"image:secure_url";s:86:"https://dynamic.decorrespondent.nl/ff-1380820966/media/660/524da7e6b30ce4.97874757.jpg";s:10:"image:type";s:10:"image/jpeg";s:11:"image:width";s:3:"660";s:12:"image:height";s:3:"330";}'),
	(25, 'https://decorrespondent.nl/40/de-terugkeer-van-de-muur', 'https://t.co/zBTSGCPFnE', 'https://decorrespondent.nl/40/de-terugkeer-van-de-muur/1025200-f48ff510', '2013-10-04 11:36:16', 'a:15:{s:3:"url";s:71:"https://decorrespondent.nl/40/de-terugkeer-van-de-muur/1025200-f48ff510";s:6:"locale";s:5:"nl_NL";s:5:"title";s:24:"De terugkeer van de Muur";s:11:"description";s:224:"Ik zie in de explosie van het aantal grensmuren in de wereld sterke aanwijzingen voor mondiale Apartheid.  Maar hoe kijken jullie daar tegen aan? Zien jullie andere aanwijzingen? Of juist tekenen die de stelling ontkrachten?";s:9:"site_name";s:16:"De Correspondent";s:4:"type";s:7:"article";s:22:"article:published_time";s:10:"1380557548";s:21:"article:modified_time";s:10:"1380557548";s:14:"article:author";s:15:"Dick Wittenberg";s:15:"article:section";s:41:"Ongelijkheid, Globalisering &amp; Armoede";s:5:"image";s:86:"https://dynamic.decorrespondent.nl/ff-1380481813/media/660/52487b15e51cd8.92763008.jpg";s:16:"image:secure_url";s:86:"https://dynamic.decorrespondent.nl/ff-1380481813/media/660/52487b15e51cd8.92763008.jpg";s:10:"image:type";s:10:"image/jpeg";s:11:"image:width";s:3:"660";s:12:"image:height";s:3:"330";}'),
	(26, 'https://decorrespondent.nl/53/hollands-next-marsbewoner', 'https://t.co/OGc5xfMd0q', 'https://decorrespondent.nl/53/hollands-next-marsbewoner/1428754602-e3f80aa7', '2013-10-04 11:36:16', 'a:15:{s:3:"url";s:75:"https://decorrespondent.nl/53/hollands-next-marsbewoner/1428754602-e3f80aa7";s:6:"locale";s:5:"nl_NL";s:5:"title";s:31:"Holland&#039;s Next Marsbewoner";s:11:"description";s:0:"";s:9:"site_name";s:16:"De Correspondent";s:4:"type";s:7:"article";s:22:"article:published_time";s:10:"1380873028";s:21:"article:modified_time";s:10:"1380900860";s:14:"article:author";s:18:"Joris van Casteren";s:15:"article:section";s:36:"Buitengewoon &amp; Buitenaards leven";s:5:"image";s:86:"https://dynamic.decorrespondent.nl/ff-1380820493/media/660/524c1450596880.94169572.jpg";s:16:"image:secure_url";s:86:"https://dynamic.decorrespondent.nl/ff-1380820493/media/660/524c1450596880.94169572.jpg";s:10:"image:type";s:10:"image/jpeg";s:11:"image:width";s:3:"660";s:12:"image:height";s:3:"330";}'),
	(27, 'https://decorrespondent.nl/34/draagbare-heimat', 'https://t.co/DwBI6AfpIU', 'https://decorrespondent.nl/34/draagbare-heimat/1593740038-2510e15f', '2013-10-04 11:36:16', 'a:15:{s:3:"url";s:66:"https://decorrespondent.nl/34/draagbare-heimat/1593740038-2510e15f";s:6:"locale";s:5:"nl_NL";s:5:"title";s:16:"Draagbare Heimat";s:11:"description";s:0:"";s:9:"site_name";s:16:"De Correspondent";s:4:"type";s:7:"article";s:22:"article:published_time";s:10:"1380628692";s:21:"article:modified_time";s:10:"1380628692";s:14:"article:author";s:14:"Arnon Grunberg";s:15:"article:section";s:9:"Hotelmens";s:5:"image";s:86:"https://dynamic.decorrespondent.nl/ff-1380483100/media/660/5248801cb58118.27467968.jpg";s:16:"image:secure_url";s:86:"https://dynamic.decorrespondent.nl/ff-1380483100/media/660/5248801cb58118.27467968.jpg";s:10:"image:type";s:10:"image/jpeg";s:11:"image:width";s:3:"660";s:12:"image:height";s:3:"330";}'),
	(28, 'https://decorrespondent.nl/117/wat-is-al-shabaab', 'https://t.co/oz3vuNlwOz', 'https://decorrespondent.nl/117/wat-is-al-shabaab/5097807-4d0304a8', '2013-10-04 11:36:16', 'a:10:{s:3:"url";s:65:"https://decorrespondent.nl/117/wat-is-al-shabaab/5097807-4d0304a8";s:6:"locale";s:5:"nl_NL";s:5:"title";s:18:"Wat is Al-Shabaab?";s:11:"description";s:139:"Zijn er nog meer veel in het nieuws voorkomende groeperingen waarvan je benieuwd bent wie ze precies zijn en wat ze willen? Laat het weten.";s:9:"site_name";s:16:"De Correspondent";s:4:"type";s:7:"article";s:22:"article:published_time";s:10:"1380878077";s:21:"article:modified_time";s:10:"1380878077";s:14:"article:author";s:15:"Maite Vermeulen";s:15:"article:section";s:27:"Conflict &amp; Ontwikkeling";}'),
	(29, 'https://decorrespondent.nl/72/wat-ronkt-er-onder-de-motorkap-van-de-informatiesamenleving', 'https://t.co/wMruU5pZPy', 'https://decorrespondent.nl/72/wat-ronkt-er-onder-de-motorkap-van-de-informatiesamenleving/3506184-c98d313c', '2013-10-04 11:36:16', 'a:10:{s:3:"url";s:106:"https://decorrespondent.nl/72/wat-ronkt-er-onder-de-motorkap-van-de-informatiesamenleving/3506184-c98d313c";s:6:"locale";s:5:"nl_NL";s:5:"title";s:60:"Wat ronkt er onder de motorkap van de informatiesamenleving?";s:11:"description";s:0:"";s:9:"site_name";s:16:"De Correspondent";s:4:"type";s:7:"article";s:22:"article:published_time";s:10:"1380889230";s:21:"article:modified_time";s:10:"1380889230";s:14:"article:author";s:17:"Dimitri Tokmetzis";s:15:"article:section";s:24:"Data &amp; Transparantie";}'),
	(30, 'https://decorrespondent.nl/31/gelekt-het-format', 'https://t.co/Wxoe9yvWqc', 'https://decorrespondent.nl/31/gelekt-het-format/104083430-2973a390', '2013-10-04 11:36:16', 'a:10:{s:3:"url";s:66:"https://decorrespondent.nl/31/gelekt-het-format/104083430-2973a390";s:6:"locale";s:5:"nl_NL";s:5:"title";s:18:"Gelekt! Het Format";s:11:"description";s:0:"";s:9:"site_name";s:16:"De Correspondent";s:4:"type";s:7:"article";s:22:"article:published_time";s:10:"1380881252";s:21:"article:modified_time";s:10:"1380881252";s:14:"article:author";s:14:"Daan Windhorst";s:15:"article:section";s:6:"Satire";}'),
	(35, 'https://decorrespondent.nl/98/de-pingpong-correspondent', 'https://t.co/yTyq4ACYb9', 'https://decorrespondent.nl/98/de-pingpong-correspondent/1733351774-9be45f15', '2013-10-04 21:20:05', 'a:10:{s:3:"url";s:75:"https://decorrespondent.nl/98/de-pingpong-correspondent/1733351774-9be45f15";s:6:"locale";s:5:"nl_NL";s:5:"title";s:25:"De Pingpong-correspondent";s:11:"description";s:148:"Het debat over ons asielbeleid zit muurvast. Welke manieren zien jullie om het open te breken? Naar welke oplossingsrichtingen moet ik op zoek gaan?";s:9:"site_name";s:16:"De Correspondent";s:4:"type";s:7:"article";s:22:"article:published_time";s:10:"1380609486";s:21:"article:modified_time";s:10:"1380609486";s:14:"article:author";s:13:"Karel Smouter";s:15:"article:section";s:20:"Migratie &amp; Asiel";}'),
	(32, 'https://decorrespondent.nl/121/waar-blijft-luilekkerland', 'https://t.co/YRgr1hrji0', 'https://decorrespondent.nl/121/waar-blijft-luilekkerland/4651845-d68f7e68', '2013-10-04 14:20:04', 'a:15:{s:3:"url";s:73:"https://decorrespondent.nl/121/waar-blijft-luilekkerland/4651845-d68f7e68";s:6:"locale";s:5:"nl_NL";s:5:"title";s:26:"Waar blijft Luilekkerland?";s:11:"description";s:0:"";s:9:"site_name";s:16:"De Correspondent";s:4:"type";s:7:"article";s:22:"article:published_time";s:10:"1380892594";s:21:"article:modified_time";s:10:"1380892594";s:14:"article:author";s:14:"Rutger Bregman";s:15:"article:section";s:11:"Vooruitgang";s:5:"image";s:86:"https://dynamic.decorrespondent.nl/ff-1380885803/media/660/524ea52b137299.27410514.jpg";s:16:"image:secure_url";s:86:"https://dynamic.decorrespondent.nl/ff-1380885803/media/660/524ea52b137299.27410514.jpg";s:10:"image:type";s:10:"image/jpeg";s:11:"image:width";s:3:"660";s:12:"image:height";s:3:"330";}'),
	(33, 'https://decorrespondent.nl/23/filter-bubbles-en-serendipiteit-of-waarom-je-correspondenten-kunt-volgen', 'https://t.co/ABjmsQ51mI', 'https://decorrespondent.nl/23/filter-bubbles-en-serendipiteit-of-waarom-je-correspondenten-kunt-volgen/648439-4682e150', '2013-10-04 14:40:06', 'a:15:{s:3:"url";s:118:"https://decorrespondent.nl/23/filter-bubbles-en-serendipiteit-of-waarom-je-correspondenten-kunt-volgen/648439-4682e150";s:6:"locale";s:5:"nl_NL";s:5:"title";s:75:"Filter bubbles en serendipiteit (of: waarom je correspondenten kunt volgen)";s:11:"description";s:0:"";s:9:"site_name";s:16:"De Correspondent";s:4:"type";s:7:"article";s:22:"article:published_time";s:10:"1380821221";s:21:"article:modified_time";s:10:"1380821221";s:14:"article:author";s:16:"Ernst-Jan Pfauth";s:15:"article:section";s:37:"Nieuwe journalistiek &amp; Literatuur";s:5:"image";s:86:"https://dynamic.decorrespondent.nl/ff-1380802772/media/660/524d60d4346226.84808312.jpg";s:16:"image:secure_url";s:86:"https://dynamic.decorrespondent.nl/ff-1380802772/media/660/524d60d4346226.84808312.jpg";s:10:"image:type";s:10:"image/jpeg";s:11:"image:width";s:3:"660";s:12:"image:height";s:3:"330";}'),
	(34, 'https://decorrespondent.nl/64/stop-bitching-start-a-revolution', 'https://t.co/xqEJqQOz6c', 'https://decorrespondent.nl/64/stop-bitching-start-a-revolution/3383488064-a3059f31', '2013-10-04 16:50:04', 'a:15:{s:3:"url";s:82:"https://decorrespondent.nl/64/stop-bitching-start-a-revolution/3383488064-a3059f31";s:6:"locale";s:5:"nl_NL";s:5:"title";s:33:"Stop bitching, start a revolution";s:11:"description";s:111:"Heb jij een project dat je aan wilt melden? Laat het me vooral hieronder weten of via jelle@decorrespondent.nl.";s:9:"site_name";s:16:"De Correspondent";s:4:"type";s:7:"article";s:22:"article:published_time";s:10:"1380531652";s:21:"article:modified_time";s:10:"1380531652";s:14:"article:author";s:21:"Jelle Brandt Corstius";s:15:"article:section";s:15:"Nieuw Nederland";s:5:"image";s:86:"https://dynamic.decorrespondent.nl/ff-1380531644/media/660/52493dbcf2ff12.04334633.jpg";s:16:"image:secure_url";s:86:"https://dynamic.decorrespondent.nl/ff-1380531644/media/660/52493dbcf2ff12.04334633.jpg";s:10:"image:type";s:10:"image/jpeg";s:11:"image:width";s:3:"660";s:12:"image:height";s:3:"330";}'),
	(60, 'https://decorrespondent.nl/125/digitale-dreigingsinflatie', 'https://t.co/2dWPWjhXGK', 'https://decorrespondent.nl/125/digitale-dreigingsinflatie/6087125-627481e2', '2013-10-08 07:10:05', 'a:10:{s:3:"url";s:74:"https://decorrespondent.nl/125/digitale-dreigingsinflatie/6087125-627481e2";s:6:"locale";s:5:"nl_NL";s:5:"title";s:26:"Digitale dreigingsinflatie";s:11:"description";s:0:"";s:9:"site_name";s:16:"De Correspondent";s:4:"type";s:7:"article";s:22:"article:published_time";s:10:"1381203900";s:21:"article:modified_time";s:10:"1381179194";s:14:"article:author";s:15:"Maurits Martijn";s:15:"article:section";s:30:"Technologie &amp; Surveillance";}'),
	(59, 'https://decorrespondent.nl/103/hoeren', 'https://t.co/aAmb9tDrX6', 'https://decorrespondent.nl/103/hoeren/5520009990-1a8b492a', '2013-10-08 01:30:05', 'a:15:{s:3:"url";s:57:"https://decorrespondent.nl/103/hoeren/5520009990-1a8b492a";s:6:"locale";s:5:"nl_NL";s:5:"title";s:6:"Hoeren";s:11:"description";s:0:"";s:9:"site_name";s:16:"De Correspondent";s:4:"type";s:7:"article";s:22:"article:published_time";s:10:"1381185263";s:21:"article:modified_time";s:10:"1381185263";s:14:"article:author";s:13:"Femke Halsema";s:15:"article:section";s:37:"Criminaliteit &amp; Populaire cultuur";s:5:"image";s:86:"https://dynamic.decorrespondent.nl/ff-1381182609/media/660/52532c91d747b7.90332460.jpg";s:16:"image:secure_url";s:86:"https://dynamic.decorrespondent.nl/ff-1381182609/media/660/52532c91d747b7.90332460.jpg";s:10:"image:type";s:10:"image/jpeg";s:11:"image:width";s:3:"660";s:12:"image:height";s:3:"330";}'),
	(38, 'https://decorrespondent.nl/88/het-land-van-carnaval-en-gedwongen-keizersnedes', 'https://t.co/yx7njeguvd', 'https://decorrespondent.nl/88/het-land-van-carnaval-en-gedwongen-keizersnedes/4080090960-9deae8b0', '2013-10-05 07:40:06', 'a:15:{s:3:"url";s:97:"https://decorrespondent.nl/88/het-land-van-carnaval-en-gedwongen-keizersnedes/4080090960-9deae8b0";s:6:"locale";s:5:"nl_NL";s:5:"title";s:47:"Het land van carnaval en gedwongen keizersnedes";s:11:"description";s:0:"";s:9:"site_name";s:16:"De Correspondent";s:4:"type";s:7:"article";s:22:"article:published_time";s:10:"1380944700";s:21:"article:modified_time";s:10:"1380922746";s:14:"article:author";s:13:"Jos de Putter";s:15:"article:section";s:16:"Webdocumentaires";s:5:"image";s:86:"https://dynamic.decorrespondent.nl/ff-1380922284/media/660/524f338ae47a92.16490588.jpg";s:16:"image:secure_url";s:86:"https://dynamic.decorrespondent.nl/ff-1380922284/media/660/524f338ae47a92.16490588.jpg";s:10:"image:type";s:10:"image/jpeg";s:11:"image:width";s:3:"660";s:12:"image:height";s:3:"330";}'),
	(39, 'https://decorrespondent.nl/22/leesvoer-voor-het-weekend', 'https://t.co/v6LJfxveYa', 'https://decorrespondent.nl/22/leesvoer-voor-het-weekend/676632-aea584c0', '2013-10-05 09:40:05', 'a:15:{s:3:"url";s:71:"https://decorrespondent.nl/22/leesvoer-voor-het-weekend/676632-aea584c0";s:6:"locale";s:5:"nl_NL";s:5:"title";s:25:"Leesvoer voor het weekend";s:11:"description";s:0:"";s:9:"site_name";s:16:"De Correspondent";s:4:"type";s:7:"article";s:22:"article:published_time";s:10:"1380944700";s:21:"article:modified_time";s:10:"1380958299";s:14:"article:author";s:12:"Rob Wijnberg";s:15:"article:section";s:31:"Media, Politiek &amp; Filosofie";s:5:"image";s:86:"https://dynamic.decorrespondent.nl/ff-1380907736/media/660/524efad89a5696.78083791.jpg";s:16:"image:secure_url";s:86:"https://dynamic.decorrespondent.nl/ff-1380907736/media/660/524efad89a5696.78083791.jpg";s:10:"image:type";s:10:"image/jpeg";s:11:"image:width";s:3:"660";s:12:"image:height";s:3:"330";}'),
	(40, 'https://decorrespondent.nl/13/hoe-transparantie-het-antwoord-op-alles-werd', 'https://t.co/57WTpgYw2Y', 'https://decorrespondent.nl/13/hoe-transparantie-het-antwoord-op-alles-werd/605306273-15223c98', '2013-10-05 10:20:05', 'a:15:{s:3:"url";s:93:"https://decorrespondent.nl/13/hoe-transparantie-het-antwoord-op-alles-werd/605306273-15223c98";s:6:"locale";s:5:"nl_NL";s:5:"title";s:56:"Hoe &#039;transparantie&#039; het antwoord op alles werd";s:11:"description";s:0:"";s:9:"site_name";s:16:"De Correspondent";s:4:"type";s:7:"article";s:22:"article:published_time";s:10:"1380895099";s:21:"article:modified_time";s:10:"1380895099";s:14:"article:author";s:11:"Lynn Berger";s:15:"article:section";s:35:"Technologie, Cultuur &amp; Clichés";s:5:"image";s:86:"https://dynamic.decorrespondent.nl/ff-1380895092/media/660/5242ec1979b4f3.73622454.jpg";s:16:"image:secure_url";s:86:"https://dynamic.decorrespondent.nl/ff-1380895092/media/660/5242ec1979b4f3.73622454.jpg";s:10:"image:type";s:10:"image/jpeg";s:11:"image:width";s:3:"660";s:12:"image:height";s:3:"330";}'),
	(41, 'https://decorrespondent.nl/107/de-nederlandse-staatsschuld-is-niet-te-hoog', 'https://t.co/AaWJxY9Pvm', 'https://decorrespondent.nl/107/de-nederlandse-staatsschuld-is-niet-te-hoog/717962938-1dd6a754', '2013-10-05 15:10:06', 'a:10:{s:3:"url";s:93:"https://decorrespondent.nl/107/de-nederlandse-staatsschuld-is-niet-te-hoog/717962938-1dd6a754";s:6:"locale";s:5:"nl_NL";s:5:"title";s:43:"De Nederlandse staatsschuld is niet te hoog";s:11:"description";s:0:"";s:9:"site_name";s:16:"De Correspondent";s:4:"type";s:7:"article";s:22:"article:published_time";s:10:"1380665018";s:21:"article:modified_time";s:10:"1380665018";s:14:"article:author";s:17:"Dimitri Tokmetzis";s:15:"article:section";s:24:"Data &amp; Transparantie";}'),
	(42, 'https://decorrespondent.nl/74/een-kopieerapparaat-dat-altijd-werkt', 'https://t.co/SGG0flgVYk', 'https://decorrespondent.nl/74/een-kopieerapparaat-dat-altijd-werkt/2865223834-8a6e5189', '2013-10-05 16:00:07', 'a:10:{s:3:"url";s:86:"https://decorrespondent.nl/74/een-kopieerapparaat-dat-altijd-werkt/2865223834-8a6e5189";s:6:"locale";s:5:"nl_NL";s:5:"title";s:36:"Een kopieerapparaat dat altijd werkt";s:11:"description";s:0:"";s:9:"site_name";s:16:"De Correspondent";s:4:"type";s:7:"article";s:22:"article:published_time";s:10:"1380489974";s:21:"article:modified_time";s:10:"1380489974";s:14:"article:author";s:15:"Johannes Visser";s:15:"article:section";s:9:"Onderwijs";}'),
	(43, 'https://decorrespondent.nl/123/wil-de-echte-utopist-nu-opstaan', 'https://t.co/UbIKWo2bhN', 'https://decorrespondent.nl/123/wil-de-echte-utopist-nu-opstaan/9142221-b8dceb2b', '2013-10-05 16:30:08', 'a:10:{s:3:"url";s:79:"https://decorrespondent.nl/123/wil-de-echte-utopist-nu-opstaan/9142221-b8dceb2b";s:6:"locale";s:5:"nl_NL";s:5:"title";s:32:"Wil de echte utopist nu opstaan?";s:11:"description";s:211:"Proberen we migratiestromen inderdaad te veel te reguleren? Is er een pragmatisch midden te vinden tussen het ideaal van open grenzen en de droom van gesloten grenzen? Ik lees uw wijze bijdragen graag hieronder.";s:9:"site_name";s:16:"De Correspondent";s:4:"type";s:7:"article";s:22:"article:published_time";s:10:"1380982629";s:21:"article:modified_time";s:10:"1380983136";s:14:"article:author";s:13:"Karel Smouter";s:15:"article:section";s:20:"Migratie &amp; Asiel";}'),
	(44, 'https://decorrespondent.nl/65/wat-wil-je-van-evgeny-morozov-weten-', 'https://t.co/K4m6d1SaVJ', 'https://decorrespondent.nl/65/wat-wil-je-van-evgeny-morozov-weten-/1999140-b2e28ff2', '2013-10-05 16:40:06', 'a:10:{s:3:"url";s:83:"https://decorrespondent.nl/65/wat-wil-je-van-evgeny-morozov-weten-/1999140-b2e28ff2";s:6:"locale";s:5:"nl_NL";s:5:"title";s:37:"Wat wil je van Evgeny Morozov weten? ";s:11:"description";s:0:"";s:9:"site_name";s:16:"De Correspondent";s:4:"type";s:7:"article";s:22:"article:published_time";s:10:"1380484948";s:21:"article:modified_time";s:10:"1380484948";s:14:"article:author";s:15:"Maurits Martijn";s:15:"article:section";s:30:"Technologie &amp; Surveillance";}'),
	(45, 'https://decorrespondent.nl/15/van-jonge-menschen-de-dingen-die-vooruitgaan', 'https://t.co/DOmtwTdffF', 'https://decorrespondent.nl/15/van-jonge-menschen-de-dingen-die-vooruitgaan/671749485-3cebe5f0', '2013-10-05 16:40:06', 'a:10:{s:3:"url";s:93:"https://decorrespondent.nl/15/van-jonge-menschen-de-dingen-die-vooruitgaan/671749485-3cebe5f0";s:6:"locale";s:5:"nl_NL";s:5:"title";s:45:"Van jonge menschen, de dingen die vooruitgaan";s:11:"description";s:219:"Volg me ook op Twitter (@rcbregman). In mijn tuin hoop ik met jullie in discussie te gaan over tal van zaken: de staat van het (hoger) onderwijs, de kosten van de zorg en - bovenal - de echte uitdagingen van deze eeuw! ";s:9:"site_name";s:16:"De Correspondent";s:4:"type";s:7:"article";s:22:"article:published_time";s:10:"1380891649";s:21:"article:modified_time";s:10:"1380891649";s:14:"article:author";s:14:"Rutger Bregman";s:15:"article:section";s:11:"Vooruitgang";}'),
	(46, 'https://decorrespondent.nl/62/medewerkers-van-de-nsa-bespioneren-exen-en-bedpartners', 'https://t.co/wJfH8wuWAr', 'https://decorrespondent.nl/62/medewerkers-van-de-nsa-bespioneren-exen-en-bedpartners/1213088404-71aa1ff6', '2013-10-06 18:40:06', 'a:10:{s:3:"url";s:104:"https://decorrespondent.nl/62/medewerkers-van-de-nsa-bespioneren-exen-en-bedpartners/1213088404-71aa1ff6";s:6:"locale";s:5:"nl_NL";s:5:"title";s:54:"Medewerkers van de NSA bespioneren exen en bedpartners";s:11:"description";s:0:"";s:9:"site_name";s:16:"De Correspondent";s:4:"type";s:7:"article";s:22:"article:published_time";s:10:"1380545504";s:21:"article:modified_time";s:10:"1380545504";s:14:"article:author";s:15:"Maurits Martijn";s:15:"article:section";s:30:"Technologie &amp; Surveillance";}'),
	(47, 'https://decorrespondent.nl/129/meer-aanzien-voor-de-leraar-helpt-het-onderwijs-niet-vooruit', 'https://t.co/M0TIr6aP1c', 'https://decorrespondent.nl/129/meer-aanzien-voor-de-leraar-helpt-het-onderwijs-niet-vooruit/332941389-57878442', '2013-10-07 06:30:05', 'a:10:{s:3:"url";s:110:"https://decorrespondent.nl/129/meer-aanzien-voor-de-leraar-helpt-het-onderwijs-niet-vooruit/332941389-57878442";s:6:"locale";s:5:"nl_NL";s:5:"title";s:60:"Meer aanzien voor de leraar helpt het onderwijs niet vooruit";s:11:"description";s:96:"Welke gegevens uit het bovenstaand onderzoek vinden jullie het meest interessant of opmerkelijk?";s:9:"site_name";s:16:"De Correspondent";s:4:"type";s:7:"article";s:22:"article:published_time";s:10:"1381117500";s:21:"article:modified_time";s:10:"1381118101";s:14:"article:author";s:15:"Johannes Visser";s:15:"article:section";s:9:"Onderwijs";}'),
	(48, 'https://decorrespondent.nl/132/de-paradox-van-de-permanente-crisis', 'https://t.co/COjPiYQP0T', 'https://decorrespondent.nl/132/de-paradox-van-de-permanente-crisis/3049918740-520a21d6', '2013-10-07 07:30:05', 'a:15:{s:3:"url";s:86:"https://decorrespondent.nl/132/de-paradox-van-de-permanente-crisis/3049918740-520a21d6";s:6:"locale";s:5:"nl_NL";s:5:"title";s:35:"De paradox van de permanente crisis";s:11:"description";s:133:"Hoe kijken jullie tegen de crisis aan? Is het een versleten cliché met bijbedoelingen geworden of is de term nog wel van toepassing?";s:9:"site_name";s:16:"De Correspondent";s:4:"type";s:7:"article";s:22:"article:published_time";s:10:"1381117500";s:21:"article:modified_time";s:10:"1381085349";s:14:"article:author";s:11:"Lynn Berger";s:15:"article:section";s:35:"Technologie, Cultuur &amp; Clichés";s:5:"image";s:86:"https://dynamic.decorrespondent.nl/ff-1381084559/media/660/5251959b4e8e22.66947652.jpg";s:16:"image:secure_url";s:86:"https://dynamic.decorrespondent.nl/ff-1381084559/media/660/5251959b4e8e22.66947652.jpg";s:10:"image:type";s:10:"image/jpeg";s:11:"image:width";s:3:"660";s:12:"image:height";s:3:"330";}'),
	(49, 'https://decorrespondent.nl/131/wat-is-tor', 'https://t.co/OUjubXnfUg', 'https://decorrespondent.nl/131/wat-is-tor/6896366620-fa9ce3dc', '2013-10-07 07:40:04', 'a:10:{s:3:"url";s:61:"https://decorrespondent.nl/131/wat-is-tor/6896366620-fa9ce3dc";s:6:"locale";s:5:"nl_NL";s:5:"title";s:11:"Wat is Tor?";s:11:"description";s:0:"";s:9:"site_name";s:16:"De Correspondent";s:4:"type";s:7:"article";s:22:"article:published_time";s:10:"1381117500";s:21:"article:modified_time";s:10:"1381118101";s:14:"article:author";s:17:"Dimitri Tokmetzis";s:15:"article:section";s:24:"Data &amp; Transparantie";}'),
	(50, 'https://decorrespondent.nl/133/de-datobese-overheid', 'https://t.co/VvkzJrdRVP', 'https://decorrespondent.nl/133/de-datobese-overheid/4560279262-76fbaded', '2013-10-07 08:30:05', 'a:10:{s:3:"url";s:71:"https://decorrespondent.nl/133/de-datobese-overheid/4560279262-76fbaded";s:6:"locale";s:5:"nl_NL";s:5:"title";s:20:"De datobese overheid";s:11:"description";s:0:"";s:9:"site_name";s:16:"De Correspondent";s:4:"type";s:7:"article";s:22:"article:published_time";s:10:"1381117500";s:21:"article:modified_time";s:10:"1381126637";s:14:"article:author";s:15:"Maurits Martijn";s:15:"article:section";s:30:"Technologie &amp; Surveillance";}'),
	(51, 'https://decorrespondent.nl/124/een-sauna-in-beieren', 'https://t.co/KXUX6nu8ru', 'https://decorrespondent.nl/124/een-sauna-in-beieren/6764628420-901ede4f', '2013-10-07 10:10:05', 'a:15:{s:3:"url";s:71:"https://decorrespondent.nl/124/een-sauna-in-beieren/6764628420-901ede4f";s:6:"locale";s:5:"nl_NL";s:5:"title";s:20:"Een sauna in Beieren";s:11:"description";s:0:"";s:9:"site_name";s:16:"De Correspondent";s:4:"type";s:7:"article";s:22:"article:published_time";s:10:"1381117500";s:21:"article:modified_time";s:10:"1381079755";s:14:"article:author";s:14:"Arnon Grunberg";s:15:"article:section";s:9:"Hotelmens";s:5:"image";s:86:"https://dynamic.decorrespondent.nl/ff-1380901313/media/660/524ee1c1e78618.43708109.jpg";s:16:"image:secure_url";s:86:"https://dynamic.decorrespondent.nl/ff-1380901313/media/660/524ee1c1e78618.43708109.jpg";s:10:"image:type";s:10:"image/jpeg";s:11:"image:width";s:3:"660";s:12:"image:height";s:3:"330";}'),
	(52, 'https://decorrespondent.nl/122/de-luis-in-de-pels-in-doha-deel-ii', 'https://t.co/yxxfu4vZZq', 'https://decorrespondent.nl/122/de-luis-in-de-pels-in-doha-deel-ii/6465721108-25456cec', '2013-10-07 12:10:06', 'a:15:{s:3:"url";s:85:"https://decorrespondent.nl/122/de-luis-in-de-pels-in-doha-deel-ii/6465721108-25456cec";s:6:"locale";s:5:"nl_NL";s:5:"title";s:35:"De luis in de pels in Doha, deel II";s:11:"description";s:0:"";s:9:"site_name";s:16:"De Correspondent";s:4:"type";s:7:"article";s:22:"article:published_time";s:10:"1381133457";s:21:"article:modified_time";s:10:"1381137564";s:14:"article:author";s:14:"Monique Samuel";s:15:"article:section";s:44:"Arabische revoluties &amp; het Midden-Oosten";s:5:"image";s:86:"https://dynamic.decorrespondent.nl/ff-1380894467/media/660/524ec408546126.72738009.jpg";s:16:"image:secure_url";s:86:"https://dynamic.decorrespondent.nl/ff-1380894467/media/660/524ec408546126.72738009.jpg";s:10:"image:type";s:10:"image/jpeg";s:11:"image:width";s:3:"660";s:12:"image:height";s:3:"330";}'),
	(53, 'https://decorrespondent.nl/91/iemand-die-ik-niet-ken-jabba', 'https://t.co/TXQpJd3APB', 'https://decorrespondent.nl/91/iemand-die-ik-niet-ken-jabba/3731728-f04d272b', '2013-10-07 13:30:04', 'a:10:{s:3:"url";s:75:"https://decorrespondent.nl/91/iemand-die-ik-niet-ken-jabba/3731728-f04d272b";s:6:"locale";s:5:"nl_NL";s:5:"title";s:29:"Iemand die ik niet ken: Jabba";s:11:"description";s:0:"";s:9:"site_name";s:16:"De Correspondent";s:4:"type";s:7:"article";s:22:"article:published_time";s:10:"1380542342";s:21:"article:modified_time";s:10:"1380542342";s:14:"article:author";s:11:"Vera Mulder";s:15:"article:section";s:34:"Maatschappij, Gedrag &amp; Groepen";}'),
	(61, 'https://decorrespondent.nl/130/op-bezoek-bij-de-syrische-vluchtelingen-in-al-zaatari', 'https://t.co/vWTARNh2wt', 'https://decorrespondent.nl/130/op-bezoek-bij-de-syrische-vluchtelingen-in-al-zaatari/1374741940-60b6f4c6', '2013-10-08 07:20:04', 'a:15:{s:3:"url";s:104:"https://decorrespondent.nl/130/op-bezoek-bij-de-syrische-vluchtelingen-in-al-zaatari/1374741940-60b6f4c6";s:6:"locale";s:5:"nl_NL";s:5:"title";s:59:"Op bezoek bij de Syrische vluchtelingen in Al-Za&#039;atari";s:11:"description";s:0:"";s:9:"site_name";s:16:"De Correspondent";s:4:"type";s:7:"article";s:22:"article:published_time";s:10:"1381203900";s:21:"article:modified_time";s:10:"1381204503";s:14:"article:author";s:15:"Maite Vermeulen";s:15:"article:section";s:27:"Conflict &amp; Ontwikkeling";s:5:"image";s:86:"https://dynamic.decorrespondent.nl/ff-1381054568/media/660/52513453c20c17.85727951.jpg";s:16:"image:secure_url";s:86:"https://dynamic.decorrespondent.nl/ff-1381054568/media/660/52513453c20c17.85727951.jpg";s:10:"image:type";s:10:"image/jpeg";s:11:"image:width";s:3:"660";s:12:"image:height";s:3:"330";}'),
	(55, 'https://decorrespondent.nl/137/tijdreizen-volgens-donna-tartt-lees-charles-dickens', 'https://t.co/lxi6muwohQ', 'https://decorrespondent.nl/137/tijdreizen-volgens-donna-tartt-lees-charles-dickens/7242779137-fd44751f', '2013-10-07 15:00:04', 'a:15:{s:3:"url";s:102:"https://decorrespondent.nl/137/tijdreizen-volgens-donna-tartt-lees-charles-dickens/7242779137-fd44751f";s:6:"locale";s:5:"nl_NL";s:5:"title";s:52:"Tijdreizen volgens Donna Tartt: lees Charles Dickens";s:11:"description";s:0:"";s:9:"site_name";s:16:"De Correspondent";s:4:"type";s:7:"article";s:22:"article:published_time";s:10:"1381148032";s:21:"article:modified_time";s:10:"1381148084";s:14:"article:author";s:16:"Ernst-Jan Pfauth";s:15:"article:section";s:37:"Nieuwe journalistiek &amp; Literatuur";s:5:"image";s:86:"https://dynamic.decorrespondent.nl/ff-1381147813/media/660/5252a4a5f35fa1.31243991.jpg";s:16:"image:secure_url";s:86:"https://dynamic.decorrespondent.nl/ff-1381147813/media/660/5252a4a5f35fa1.31243991.jpg";s:10:"image:type";s:10:"image/jpeg";s:11:"image:width";s:3:"660";s:12:"image:height";s:3:"330";}'),
	(57, 'https://decorrespondent.nl/73/pleidooi-voor-minder-beeld', 'https://t.co/7PXtHY5T8E', 'https://decorrespondent.nl/73/pleidooi-voor-minder-beeld/1486875753-65223dee', '2013-10-07 16:00:05', 'a:15:{s:3:"url";s:76:"https://decorrespondent.nl/73/pleidooi-voor-minder-beeld/1486875753-65223dee";s:6:"locale";s:5:"nl_NL";s:5:"title";s:26:"Pleidooi voor minder beeld";s:11:"description";s:0:"";s:9:"site_name";s:16:"De Correspondent";s:4:"type";s:7:"article";s:22:"article:published_time";s:10:"1380532119";s:21:"article:modified_time";s:10:"1380532119";s:14:"article:author";s:16:"Sterre Sprengers";s:15:"article:section";s:42:"Fotografie, Illustratie &amp; Beeldvorming";s:5:"image";s:86:"https://dynamic.decorrespondent.nl/ff-1380531841/media/660/52493e81a44079.39705120.jpg";s:16:"image:secure_url";s:86:"https://dynamic.decorrespondent.nl/ff-1380531841/media/660/52493e81a44079.39705120.jpg";s:10:"image:type";s:10:"image/jpeg";s:11:"image:width";s:3:"660";s:12:"image:height";s:3:"330";}'),
	(62, 'https://decorrespondent.nl/136/retourtje-rwanda-voor-massamoordenaars', 'https://t.co/yQEVDS7nww', 'https://decorrespondent.nl/136/retourtje-rwanda-voor-massamoordenaars/9062768-2e3893f8', '2013-10-08 07:50:05', 'a:10:{s:3:"url";s:86:"https://decorrespondent.nl/136/retourtje-rwanda-voor-massamoordenaars/9062768-2e3893f8";s:6:"locale";s:5:"nl_NL";s:5:"title";s:38:"Retourtje Rwanda voor massamoordenaars";s:11:"description";s:2:". ";s:9:"site_name";s:16:"De Correspondent";s:4:"type";s:7:"article";s:22:"article:published_time";s:10:"1381203900";s:21:"article:modified_time";s:10:"1381179146";s:14:"article:author";s:15:"Dick Wittenberg";s:15:"article:section";s:41:"Ongelijkheid, Globalisering &amp; Armoede";}'),
	(63, 'https://decorrespondent.nl/143/iemand-die-ik-niet-ken-bettina', 'https://t.co/2ceedJLniL', 'https://decorrespondent.nl/143/iemand-die-ik-niet-ken-bettina/1489492576-220e9f2f', '2013-10-08 07:50:05', 'a:10:{s:3:"url";s:81:"https://decorrespondent.nl/143/iemand-die-ik-niet-ken-bettina/1489492576-220e9f2f";s:6:"locale";s:5:"nl_NL";s:5:"title";s:31:"Iemand die ik niet ken: Bettina";s:11:"description";s:0:"";s:9:"site_name";s:16:"De Correspondent";s:4:"type";s:7:"article";s:22:"article:published_time";s:10:"1381203900";s:21:"article:modified_time";s:10:"1381204503";s:14:"article:author";s:11:"Vera Mulder";s:15:"article:section";s:34:"Maatschappij, Gedrag &amp; Groepen";}'),
	(64, 'https://decorrespondent.nl/114/hoe-arm-rijk-zijn-ouderen', 'https://t.co/1n2uPwFLjS', 'https://decorrespondent.nl/114/hoe-arm-rijk-zijn-ouderen/2780403912-df00407b', '2013-10-08 08:10:04', 'a:10:{s:3:"url";s:76:"https://decorrespondent.nl/114/hoe-arm-rijk-zijn-ouderen/2780403912-df00407b";s:6:"locale";s:5:"nl_NL";s:5:"title";s:26:"Hoe arm/rijk zijn ouderen?";s:11:"description";s:0:"";s:9:"site_name";s:16:"De Correspondent";s:4:"type";s:7:"article";s:22:"article:published_time";s:10:"1381203900";s:21:"article:modified_time";s:10:"1381204501";s:14:"article:author";s:14:"Rutger Bregman";s:15:"article:section";s:11:"Vooruitgang";}'),
	(65, 'https://decorrespondent.nl/111/generaties-lang-in-een-vluchtelingenkamp', 'https://t.co/XwndVcic7g', 'https://decorrespondent.nl/111/generaties-lang-in-een-vluchtelingenkamp/7396818-90fe8a99', '2013-10-08 08:10:05', 'a:15:{s:3:"url";s:88:"https://decorrespondent.nl/111/generaties-lang-in-een-vluchtelingenkamp/7396818-90fe8a99";s:6:"locale";s:5:"nl_NL";s:5:"title";s:40:"Generaties lang in een vluchtelingenkamp";s:11:"description";s:0:"";s:9:"site_name";s:16:"De Correspondent";s:4:"type";s:7:"article";s:22:"article:published_time";s:10:"1381203900";s:21:"article:modified_time";s:10:"1381204501";s:14:"article:author";s:15:"Maite Vermeulen";s:15:"article:section";s:27:"Conflict &amp; Ontwikkeling";s:5:"image";s:86:"https://dynamic.decorrespondent.nl/ff-1381162521/media/660/5251943334d945.52049796.jpg";s:16:"image:secure_url";s:86:"https://dynamic.decorrespondent.nl/ff-1381162521/media/660/5251943334d945.52049796.jpg";s:10:"image:type";s:10:"image/jpeg";s:11:"image:width";s:3:"660";s:12:"image:height";s:3:"330";}'),
	(71, 'https://decorrespondent.nl/78/de-luis-in-de-pels-uit-doha-deel-i-', 'https://t.co/bN7W6lyXga', 'https://decorrespondent.nl/78/de-luis-in-de-pels-uit-doha-deel-i-/4068449814-e9a5568f', '2013-10-08 20:10:05', 'a:15:{s:3:"url";s:85:"https://decorrespondent.nl/78/de-luis-in-de-pels-uit-doha-deel-i-/4068449814-e9a5568f";s:6:"locale";s:5:"nl_NL";s:5:"title";s:36:"De luis in de pels uit Doha, deel I ";s:11:"description";s:0:"";s:9:"site_name";s:16:"De Correspondent";s:4:"type";s:7:"article";s:22:"article:published_time";s:10:"1380890819";s:21:"article:modified_time";s:10:"1380890819";s:14:"article:author";s:14:"Monique Samuel";s:15:"article:section";s:44:"Arabische revoluties &amp; het Midden-Oosten";s:5:"image";s:86:"https://dynamic.decorrespondent.nl/ff-1380486755/media/660/52488beb449e77.85983352.jpg";s:16:"image:secure_url";s:86:"https://dynamic.decorrespondent.nl/ff-1380486755/media/660/52488beb449e77.85983352.jpg";s:10:"image:type";s:10:"image/jpeg";s:11:"image:width";s:3:"660";s:12:"image:height";s:3:"330";}'),
	(68, 'https://decorrespondent.nl/134/fotos-terugvinden-zal-net-zo-gemakkelijk-worden-als-fotos-maken', 'https://t.co/CusKV8b1oT', 'https://decorrespondent.nl/134/fotos-terugvinden-zal-net-zo-gemakkelijk-worden-als-fotos-maken/2729333574-d68f079e', '2013-10-08 10:20:05', 'a:10:{s:3:"url";s:114:"https://decorrespondent.nl/134/fotos-terugvinden-zal-net-zo-gemakkelijk-worden-als-fotos-maken/2729333574-d68f079e";s:6:"locale";s:5:"nl_NL";s:5:"title";s:75:"Foto&#039;s terugvinden zal net zo gemakkelijk worden als foto&#039;s maken";s:11:"description";s:0:"";s:9:"site_name";s:16:"De Correspondent";s:4:"type";s:7:"article";s:22:"article:published_time";s:10:"1381218607";s:21:"article:modified_time";s:10:"1381218830";s:14:"article:author";s:16:"Sterre Sprengers";s:15:"article:section";s:42:"Fotografie, Illustratie &amp; Beeldvorming";}'),
	(69, 'https://decorrespondent.nl/141/het-zelfhulpboek-van-jd-salinger', 'https://t.co/fRh4XJcXJh', 'https://decorrespondent.nl/141/het-zelfhulpboek-van-jd-salinger/3975213-4fadf05a', '2013-10-08 12:30:05', 'a:15:{s:3:"url";s:80:"https://decorrespondent.nl/141/het-zelfhulpboek-van-jd-salinger/3975213-4fadf05a";s:6:"locale";s:5:"nl_NL";s:5:"title";s:32:"Het zelfhulpboek van JD Salinger";s:11:"description";s:0:"";s:9:"site_name";s:16:"De Correspondent";s:4:"type";s:7:"article";s:22:"article:published_time";s:10:"1381227889";s:21:"article:modified_time";s:10:"1381227889";s:14:"article:author";s:16:"Ernst-Jan Pfauth";s:15:"article:section";s:37:"Nieuwe journalistiek &amp; Literatuur";s:5:"image";s:86:"https://dynamic.decorrespondent.nl/ff-1381154683/media/660/5252bf7b96bc96.22025467.jpg";s:16:"image:secure_url";s:86:"https://dynamic.decorrespondent.nl/ff-1381154683/media/660/5252bf7b96bc96.22025467.jpg";s:10:"image:type";s:10:"image/jpeg";s:11:"image:width";s:3:"660";s:12:"image:height";s:3:"330";}'),
	(73, 'https://decorrespondent.nl/78/de-luis-in-de-pels-uit-doha-', 'https://t.co/kbbJa7flbG', 'https://decorrespondent.nl/78/de-luis-in-de-pels-uit-doha-/1091130612-3ba97f60', '2013-10-08 20:20:05', 'a:15:{s:3:"url";s:85:"https://decorrespondent.nl/78/de-luis-in-de-pels-uit-doha-deel-i-/1091130612-3ba97f60";s:6:"locale";s:5:"nl_NL";s:5:"title";s:36:"De luis in de pels uit Doha, deel I ";s:11:"description";s:0:"";s:9:"site_name";s:16:"De Correspondent";s:4:"type";s:7:"article";s:22:"article:published_time";s:10:"1380890819";s:21:"article:modified_time";s:10:"1380890819";s:14:"article:author";s:14:"Monique Samuel";s:15:"article:section";s:44:"Arabische revoluties &amp; het Midden-Oosten";s:5:"image";s:86:"https://dynamic.decorrespondent.nl/ff-1380486755/media/660/52488beb449e77.85983352.jpg";s:16:"image:secure_url";s:86:"https://dynamic.decorrespondent.nl/ff-1380486755/media/660/52488beb449e77.85983352.jpg";s:10:"image:type";s:10:"image/jpeg";s:11:"image:width";s:3:"660";s:12:"image:height";s:3:"330";}'),
	(74, 'https://decorrespondent.nl/61/hoe-goed-zijn-onze-moderne-waarzeggers', 'https://t.co/1aURUms51w', 'https://decorrespondent.nl/61/hoe-goed-zijn-onze-moderne-waarzeggers/2970517-caf86b78', '2013-10-08 20:50:05', 'a:10:{s:3:"url";s:85:"https://decorrespondent.nl/61/hoe-goed-zijn-onze-moderne-waarzeggers/2970517-caf86b78";s:6:"locale";s:5:"nl_NL";s:5:"title";s:39:"Hoe goed zijn onze moderne waarzeggers?";s:11:"description";s:117:"Heb je een goed idee, of heb je goede feedback, laat het me  vooral weten in de comments of via twitter (@tokmetzis).";s:9:"site_name";s:16:"De Correspondent";s:4:"type";s:7:"article";s:22:"article:published_time";s:10:"1381257870";s:21:"article:modified_time";s:10:"1381257870";s:14:"article:author";s:17:"Dimitri Tokmetzis";s:15:"article:section";s:24:"Data &amp; Transparantie";}'),
	(77, 'https://decorrespondent.nl/110/ministerie-van-waarheid', 'https://t.co/S8uVmsrV6V', 'https://decorrespondent.nl/110/ministerie-van-waarheid/1213708650-2d5f1541', '2013-10-09 06:20:06', 'a:15:{s:3:"url";s:74:"https://decorrespondent.nl/110/ministerie-van-waarheid/1213708650-2d5f1541";s:6:"locale";s:5:"nl_NL";s:5:"title";s:23:"Ministerie van Waarheid";s:11:"description";s:0:"";s:9:"site_name";s:16:"De Correspondent";s:4:"type";s:7:"article";s:22:"article:published_time";s:10:"1381290300";s:21:"article:modified_time";s:10:"1381290901";s:14:"article:author";s:12:"Rob Wijnberg";s:15:"article:section";s:31:"Media, Politiek &amp; Filosofie";s:5:"image";s:86:"https://dynamic.decorrespondent.nl/ff-1381248787/media/660/52542f139b98b4.83073665.jpg";s:16:"image:secure_url";s:86:"https://dynamic.decorrespondent.nl/ff-1381248787/media/660/52542f139b98b4.83073665.jpg";s:10:"image:type";s:10:"image/jpeg";s:11:"image:width";s:3:"660";s:12:"image:height";s:3:"330";}'),
	(78, 'https://decorrespondent.nl/115/wat-is-er-mis-met-onze-universiteiten', 'https://t.co/KoqugZIBSF', 'https://decorrespondent.nl/115/wat-is-er-mis-met-onze-universiteiten/1226139200-23666110', '2013-10-09 06:50:04', 'a:10:{s:3:"url";s:88:"https://decorrespondent.nl/115/wat-is-er-mis-met-onze-universiteiten/1226139200-23666110";s:6:"locale";s:5:"nl_NL";s:5:"title";s:38:"Wat is er mis met onze universiteiten?";s:11:"description";s:142:"Zijn er nog prangende vragen over de wetenschap en/of de universiteiten die jullie graag aan de orde gesteld zien? Laat het dan vooral weten. ";s:9:"site_name";s:16:"De Correspondent";s:4:"type";s:7:"article";s:22:"article:published_time";s:10:"1381290300";s:21:"article:modified_time";s:10:"1381264215";s:14:"article:author";s:14:"Rutger Bregman";s:15:"article:section";s:11:"Vooruitgang";}'),
	(79, 'https://decorrespondent.nl/66/big-business-is-watching-you', 'https://t.co/mkCSTJM6wN', 'https://decorrespondent.nl/66/big-business-is-watching-you/2505399138-a41c1224', '2013-10-09 07:10:05', 'a:15:{s:3:"url";s:78:"https://decorrespondent.nl/66/big-business-is-watching-you/2505399138-a41c1224";s:6:"locale";s:5:"nl_NL";s:5:"title";s:28:"Big Business is watching you";s:11:"description";s:291:"Heb je tips of suggesties die kunnen helpen bij het onderzoek naar trackers? Of ben je ooit zelf benadeeld door een bedrijf op grond van informatie die van jou online is verzameld? En: heb jij suggesties voor alternatieven van de trackers op onze site? Laat het ons hier of per mail weten.  ";s:9:"site_name";s:16:"De Correspondent";s:4:"type";s:7:"article";s:22:"article:published_time";s:10:"1381290300";s:21:"article:modified_time";s:10:"1381260389";s:14:"article:author";s:15:"Maurits Martijn";s:15:"article:section";s:30:"Technologie &amp; Surveillance";s:5:"image";s:86:"https://dynamic.decorrespondent.nl/ff-1380484080/media/660/524883f0e1b276.78153100.jpg";s:16:"image:secure_url";s:86:"https://dynamic.decorrespondent.nl/ff-1380484080/media/660/524883f0e1b276.78153100.jpg";s:10:"image:type";s:10:"image/jpeg";s:11:"image:width";s:3:"660";s:12:"image:height";s:3:"330";}'),
	(80, 'https://decorrespondent.nl/4/van-wie-is-een-foto-op-facebook', 'https://t.co/9V77jnI2jy', 'https://decorrespondent.nl/4/van-wie-is-een-foto-op-facebook/86362848-e5e08770', '2013-10-09 07:20:05', 'a:10:{s:3:"url";s:78:"https://decorrespondent.nl/4/van-wie-is-een-foto-op-facebook/86362848-e5e08770";s:6:"locale";s:5:"nl_NL";s:5:"title";s:32:"Van wie is een foto op Facebook?";s:11:"description";s:0:"";s:9:"site_name";s:16:"De Correspondent";s:4:"type";s:7:"article";s:22:"article:published_time";s:10:"1381290300";s:21:"article:modified_time";s:10:"1381290901";s:14:"article:author";s:11:"Lynn Berger";s:15:"article:section";s:35:"Technologie, Cultuur &amp; Clichés";}'),
	(81, 'https://decorrespondent.nl/99/verzameling-1-obama-aan-het-werk', 'https://t.co/4Wqs4ifrRG', 'https://decorrespondent.nl/99/verzameling-1-obama-aan-het-werk/5211757980-c7deade7', '2013-10-09 07:30:05', 'a:15:{s:3:"url";s:82:"https://decorrespondent.nl/99/verzameling-1-obama-aan-het-werk/5211757980-c7deade7";s:6:"locale";s:5:"nl_NL";s:5:"title";s:33:"Verzameling 1: Obama aan het werk";s:11:"description";s:68:"Vallen je nog andere dingen op in deze verzameling? Ik ben benieuwd!";s:9:"site_name";s:16:"De Correspondent";s:4:"type";s:7:"article";s:22:"article:published_time";s:10:"1381290300";s:21:"article:modified_time";s:10:"1381264283";s:14:"article:author";s:16:"Sterre Sprengers";s:15:"article:section";s:42:"Fotografie, Illustratie &amp; Beeldvorming";s:5:"image";s:86:"https://dynamic.decorrespondent.nl/ff-1381084525/media/660/524d8deb708a76.09329162.jpg";s:16:"image:secure_url";s:86:"https://dynamic.decorrespondent.nl/ff-1381084525/media/660/524d8deb708a76.09329162.jpg";s:10:"image:type";s:10:"image/jpeg";s:11:"image:width";s:3:"660";s:12:"image:height";s:3:"330";}'),
	(82, 'https://decorrespondent.nl/33/door-wie-worden-we-online-gevolgd', 'https://t.co/MKvIjaE5rx', 'https://decorrespondent.nl/33/door-wie-worden-we-online-gevolgd/1008012522-9e3afb89', '2013-10-09 08:20:05', 'a:15:{s:3:"url";s:83:"https://decorrespondent.nl/33/door-wie-worden-we-online-gevolgd/1008012522-9e3afb89";s:6:"locale";s:5:"nl_NL";s:5:"title";s:34:"Door wie worden we online gevolgd?";s:11:"description";s:584:"Ik ben niet toegekomen aan het visualiseren van deze data. Ik wil eigenlijk het netwerk laten zien, waarbij je ook de informatie uit de privacy policies inzichtelijk kan krijgen. Dit is wat mij betreft de eerste stap. Ik wil ook nog een meer uitgebreide analyse maken, bijvoorbeeld van de 1000, of 10.000 populairste sites, zodat we een meer compleet beeld krijgen. Zo&#039;n visualisatie zou dus ook moeten kunnen schalen. Ik ben benieuwd of een van jullie hiermee uit de voeten kan en laat het me vooral weten als je op- of aanmerkingen hebt over onze methode, dan wel over de data.";s:9:"site_name";s:16:"De Correspondent";s:4:"type";s:7:"article";s:22:"article:published_time";s:10:"1381290300";s:21:"article:modified_time";s:10:"1381265156";s:14:"article:author";s:17:"Dimitri Tokmetzis";s:15:"article:section";s:24:"Data &amp; Transparantie";s:5:"image";s:86:"https://dynamic.decorrespondent.nl/ff-1380488760/media/660/5246df8586ac34.09396825.jpg";s:16:"image:secure_url";s:86:"https://dynamic.decorrespondent.nl/ff-1380488760/media/660/5246df8586ac34.09396825.jpg";s:10:"image:type";s:10:"image/jpeg";s:11:"image:width";s:3:"660";s:12:"image:height";s:3:"330";}'),
	(83, 'https://decorrespondent.nl/71/hoe-kun-je-trackers-blocken', 'https://t.co/q8rO3SV5mW', 'https://decorrespondent.nl/71/hoe-kun-je-trackers-blocken/807778147-0e27d440', '2013-10-09 09:30:05', 'a:10:{s:3:"url";s:76:"https://decorrespondent.nl/71/hoe-kun-je-trackers-blocken/807778147-0e27d440";s:6:"locale";s:5:"nl_NL";s:5:"title";s:28:"Hoe kun je trackers blocken?";s:11:"description";s:83:"Heb je nog goede suggesties voor andere blockers, laat het me weten in de comments.";s:9:"site_name";s:16:"De Correspondent";s:4:"type";s:7:"article";s:22:"article:published_time";s:10:"1381299590";s:21:"article:modified_time";s:10:"1381299590";s:14:"article:author";s:17:"Dimitri Tokmetzis";s:15:"article:section";s:24:"Data &amp; Transparantie";}'),
	(84, 'https://decorrespondent.nl/48/wij-politici-hebben-gefaald-', 'https://t.co/Y73ctIcJvC', 'https://decorrespondent.nl/48/wij-politici-hebben-gefaald-/1775113296-d3295a5c', '2013-10-09 10:50:05', 'a:10:{s:3:"url";s:78:"https://decorrespondent.nl/48/wij-politici-hebben-gefaald-/1775113296-d3295a5c";s:6:"locale";s:5:"nl_NL";s:5:"title";s:40:"&#039;Wij politici hebben gefaald&#039; ";s:11:"description";s:0:"";s:9:"site_name";s:16:"De Correspondent";s:4:"type";s:7:"article";s:22:"article:published_time";s:10:"1380837037";s:21:"article:modified_time";s:10:"1380837037";s:14:"article:author";s:14:"Tomas Vanheste";s:15:"article:section";s:34:"Europa tussen macht en verbeelding";}'),
	(86, 'https://decorrespondent.nl/150/grensoverschrijdend-gedrag-', 'https://t.co/smNqqyP3eD', 'https://decorrespondent.nl/150/grensoverschrijdend-gedrag-/11149050-c2c642fa', '2013-10-09 13:10:07', 'a:10:{s:3:"url";s:76:"https://decorrespondent.nl/150/grensoverschrijdend-gedrag-/11149050-c2c642fa";s:6:"locale";s:5:"nl_NL";s:5:"title";s:27:"Grensoverschrijdend Gedrag ";s:11:"description";s:0:"";s:9:"site_name";s:16:"De Correspondent";s:4:"type";s:7:"article";s:22:"article:published_time";s:10:"1381315199";s:21:"article:modified_time";s:10:"1381316234";s:14:"article:author";s:13:"Karel Smouter";s:15:"article:section";s:20:"Migratie &amp; Asiel";}'),
	(87, 'https://decorrespondent.nl/140/de-geschiedenis-van-de-genocide-bijwonen', 'https://t.co/5AUKjNZQGs', 'https://decorrespondent.nl/140/de-geschiedenis-van-de-genocide-bijwonen/792633380-2115a35b', '2013-10-09 13:40:04', 'a:10:{s:3:"url";s:90:"https://decorrespondent.nl/140/de-geschiedenis-van-de-genocide-bijwonen/792633380-2115a35b";s:6:"locale";s:5:"nl_NL";s:5:"title";s:40:"De geschiedenis van de genocide bijwonen";s:11:"description";s:0:"";s:9:"site_name";s:16:"De Correspondent";s:4:"type";s:7:"article";s:22:"article:published_time";s:10:"1381309827";s:21:"article:modified_time";s:10:"1381314586";s:14:"article:author";s:15:"Maite Vermeulen";s:15:"article:section";s:27:"Conflict &amp; Ontwikkeling";}'),
	(88, 'https://decorrespondent.nl/128/scherp-sterk-en-plat-de-wonderlijke-werking-van-de-fiets-in-nederland', 'https://t.co/nVdSmOk4Hp', 'https://decorrespondent.nl/128/scherp-sterk-en-plat-de-wonderlijke-werking-van-de-fiets-in-nederland/3936768-f66f3f82', '2013-10-09 16:40:04', 'a:10:{s:3:"url";s:117:"https://decorrespondent.nl/128/scherp-sterk-en-plat-de-wonderlijke-werking-van-de-fiets-in-nederland/3936768-f66f3f82";s:6:"locale";s:5:"nl_NL";s:5:"title";s:71:"Scherp, sterk en plat: de wonderlijke werking van de fiets in Nederland";s:11:"description";s:0:"";s:9:"site_name";s:16:"De Correspondent";s:4:"type";s:7:"article";s:22:"article:published_time";s:10:"1381307451";s:21:"article:modified_time";s:10:"1381307451";s:14:"article:author";s:11:"Lynn Berger";s:15:"article:section";s:35:"Technologie, Cultuur &amp; Clichés";}'),
	(90, 'https://decorrespondent.nl/105/wat-is-er-mis-met-de-wet-openbaarheid-van-bestuur', 'https://t.co/ORXe09R22J', 'https://decorrespondent.nl/105/wat-is-er-mis-met-de-wet-openbaarheid-van-bestuur/5794853295-0ea07aff', '2013-10-09 20:10:06', 'a:10:{s:3:"url";s:100:"https://decorrespondent.nl/105/wat-is-er-mis-met-de-wet-openbaarheid-van-bestuur/5794853295-0ea07aff";s:6:"locale";s:5:"nl_NL";s:5:"title";s:50:"Wat is er mis met de Wet openbaarheid van bestuur?";s:11:"description";s:0:"";s:9:"site_name";s:16:"De Correspondent";s:4:"type";s:7:"article";s:22:"article:published_time";s:10:"1380702945";s:21:"article:modified_time";s:10:"1380702945";s:14:"article:author";s:17:"Dimitri Tokmetzis";s:15:"article:section";s:24:"Data &amp; Transparantie";}'),
	(91, 'https://decorrespondent.nl/147/hoe-een-machtige-lobby-onze-privacy-onder-druk-zet', 'https://t.co/2pkikmlRjd', 'https://decorrespondent.nl/147/hoe-een-machtige-lobby-onze-privacy-onder-druk-zet/5173305291-ccc20cd5', '2013-10-10 06:30:05', 'a:15:{s:3:"url";s:101:"https://decorrespondent.nl/147/hoe-een-machtige-lobby-onze-privacy-onder-druk-zet/5173305291-ccc20cd5";s:6:"locale";s:5:"nl_NL";s:5:"title";s:50:"Hoe een machtige lobby onze privacy onder druk zet";s:11:"description";s:0:"";s:9:"site_name";s:16:"De Correspondent";s:4:"type";s:7:"article";s:22:"article:published_time";s:10:"1381376700";s:21:"article:modified_time";s:10:"1381338416";s:14:"article:author";s:14:"Tomas Vanheste";s:15:"article:section";s:34:"Europa tussen macht en verbeelding";s:5:"image";s:86:"https://dynamic.decorrespondent.nl/ff-1381333093/media/660/5255786544fe58.20288898.jpg";s:16:"image:secure_url";s:86:"https://dynamic.decorrespondent.nl/ff-1381333093/media/660/5255786544fe58.20288898.jpg";s:10:"image:type";s:10:"image/jpeg";s:11:"image:width";s:3:"660";s:12:"image:height";s:3:"330";}'),
	(95, 'https://decorrespondent.nl/157/peter-mair-en-de-kracht-van-wetenschappelijke-analyse', 'https://t.co/JppXR7BuiD', 'https://decorrespondent.nl/157/peter-mair-en-de-kracht-van-wetenschappelijke-analyse/7004822528-b4c737bb', '2013-10-10 16:16:11', 'a:10:{s:3:"url";s:104:"https://decorrespondent.nl/157/peter-mair-en-de-kracht-van-wetenschappelijke-analyse/7004822528-b4c737bb";s:6:"locale";s:5:"nl_NL";s:5:"title";s:53:"Peter Mair en de kracht van wetenschappelijke analyse";s:11:"description";s:0:"";s:9:"site_name";s:16:"De Correspondent";s:4:"type";s:7:"article";s:22:"article:published_time";s:10:"1381401884";s:21:"article:modified_time";s:10:"1381401884";s:14:"article:author";s:19:"David Van Reybrouck";s:15:"article:section";s:45:"Democratie, Cartografie &amp; Conflictanalyse";}'),
	(96, 'https://decorrespondent.nl/109/europa-het-tragische-fort', 'https://t.co/5IaLvGOvHW', 'https://decorrespondent.nl/109/europa-het-tragische-fort/8101643-32d5e374', '2013-10-10 16:16:12', 'a:15:{s:3:"url";s:73:"https://decorrespondent.nl/109/europa-het-tragische-fort/8101643-32d5e374";s:6:"locale";s:5:"nl_NL";s:5:"title";s:26:"Europa, het tragische fort";s:11:"description";s:255:"In oktober breng ik de &#039;bouwers&#039; van Fort Europa in beeld. Ik zal schrijven over Europees asielbeleid, de Dienst Terugkeer &amp; Vertrek en de verhouding tussen grensbewaking en mensenrechten. Op welke vragen moet ik sowieso een antwoord vinden?";s:9:"site_name";s:16:"De Correspondent";s:4:"type";s:7:"article";s:22:"article:published_time";s:10:"1381404084";s:21:"article:modified_time";s:10:"1381404084";s:14:"article:author";s:13:"Karel Smouter";s:15:"article:section";s:20:"Migratie &amp; Asiel";s:5:"image";s:86:"https://dynamic.decorrespondent.nl/ff-1381335406/media/660/524d9311cf4dd2.26506689.jpg";s:16:"image:secure_url";s:86:"https://dynamic.decorrespondent.nl/ff-1381335406/media/660/524d9311cf4dd2.26506689.jpg";s:10:"image:type";s:10:"image/jpeg";s:11:"image:width";s:3:"660";s:12:"image:height";s:3:"330";}'),
	(93, 'https://decorrespondent.nl/153/hoe-vernietig-je-de-chemische-wapens-van-syri', 'https://t.co/3KHWcDCLuH', 'https://decorrespondent.nl/153/hoe-vernietig-je-de-chemische-wapens-van-syri/6666363-b0a56d3a', '2013-10-10 09:40:07', 'a:10:{s:3:"url";s:93:"https://decorrespondent.nl/153/hoe-vernietig-je-de-chemische-wapens-van-syri/6666363-b0a56d3a";s:6:"locale";s:5:"nl_NL";s:5:"title";s:48:"Hoe vernietig je de chemische wapens van Syrië?";s:11:"description";s:0:"";s:9:"site_name";s:16:"De Correspondent";s:4:"type";s:7:"article";s:22:"article:published_time";s:10:"1381376700";s:21:"article:modified_time";s:10:"1381377301";s:14:"article:author";s:15:"Maite Vermeulen";s:15:"article:section";s:27:"Conflict &amp; Ontwikkeling";}'),
	(97, 'https://decorrespondent.nl/146/alsof-je-weet-waar-je-mee-bezig-bent', 'https://t.co/zuuX5UbOP2', 'https://decorrespondent.nl/146/alsof-je-weet-waar-je-mee-bezig-bent/8052366762-373ed9d9', '2013-10-10 20:50:05', 'a:15:{s:3:"url";s:87:"https://decorrespondent.nl/146/alsof-je-weet-waar-je-mee-bezig-bent/8052366762-373ed9d9";s:6:"locale";s:5:"nl_NL";s:5:"title";s:36:"Alsof je weet waar je mee bezig bent";s:11:"description";s:0:"";s:9:"site_name";s:16:"De Correspondent";s:4:"type";s:7:"article";s:22:"article:published_time";s:10:"1381376700";s:21:"article:modified_time";s:10:"1381337275";s:14:"article:author";s:11:"Lynn Berger";s:15:"article:section";s:35:"Technologie, Cultuur &amp; Clichés";s:5:"image";s:86:"https://dynamic.decorrespondent.nl/ff-1381233997/media/660/5253f2be4d2866.59070357.jpg";s:16:"image:secure_url";s:86:"https://dynamic.decorrespondent.nl/ff-1381233997/media/660/5253f2be4d2866.59070357.jpg";s:10:"image:type";s:10:"image/jpeg";s:11:"image:width";s:3:"660";s:12:"image:height";s:3:"330";}'),
	(98, 'https://decorrespondent.nl/97/de-bijna-betekenisloze-prognose-bbp', 'https://t.co/gI9EkxuLDw', 'https://decorrespondent.nl/97/de-bijna-betekenisloze-prognose-bbp/411451205-83ef59a1', '2013-10-11 06:40:05', 'a:15:{s:3:"url";s:84:"https://decorrespondent.nl/97/de-bijna-betekenisloze-prognose-bbp/411451205-83ef59a1";s:6:"locale";s:5:"nl_NL";s:5:"title";s:37:"De bijna betekenisloze prognose (bbp)";s:11:"description";s:0:"";s:9:"site_name";s:16:"De Correspondent";s:4:"type";s:7:"article";s:22:"article:published_time";s:10:"1381463100";s:21:"article:modified_time";s:10:"1381463702";s:14:"article:author";s:17:"Dimitri Tokmetzis";s:15:"article:section";s:24:"Data &amp; Transparantie";s:5:"image";s:86:"https://dynamic.decorrespondent.nl/ff-1381424107/media/660/5256dbebbb7808.50603541.jpg";s:16:"image:secure_url";s:86:"https://dynamic.decorrespondent.nl/ff-1381424107/media/660/5256dbebbb7808.50603541.jpg";s:10:"image:type";s:10:"image/jpeg";s:11:"image:width";s:3:"660";s:12:"image:height";s:3:"330";}'),
	(99, 'https://decorrespondent.nl/156/democratie-leuk-maar-niet-hoe-het-nu-gaat', 'https://t.co/3zNxpuYf0B', 'https://decorrespondent.nl/156/democratie-leuk-maar-niet-hoe-het-nu-gaat/5021839680-c98a8b64', '2013-10-11 08:20:05', 'a:15:{s:3:"url";s:92:"https://decorrespondent.nl/156/democratie-leuk-maar-niet-hoe-het-nu-gaat/5021839680-c98a8b64";s:6:"locale";s:5:"nl_NL";s:5:"title";s:43:"Democratie? Leuk, maar niet hoe het nu gaat";s:11:"description";s:110:"Een emotionele vraag: hoe voelen we ons als burger bij het bekijken van dat wetenschappelijk cijfermateriaal? ";s:9:"site_name";s:16:"De Correspondent";s:4:"type";s:7:"article";s:22:"article:published_time";s:10:"1381463100";s:21:"article:modified_time";s:10:"1381463702";s:14:"article:author";s:19:"David Van Reybrouck";s:15:"article:section";s:45:"Democratie, Cartografie &amp; Conflictanalyse";s:5:"image";s:86:"https://dynamic.decorrespondent.nl/ff-1381402356/media/660/525686f4b11e23.63437352.jpg";s:16:"image:secure_url";s:86:"https://dynamic.decorrespondent.nl/ff-1381402356/media/660/525686f4b11e23.63437352.jpg";s:10:"image:type";s:10:"image/jpeg";s:11:"image:width";s:3:"660";s:12:"image:height";s:3:"330";}'),
	(100, 'https://decorrespondent.nl/154/een-schoolreisje-naar-schengen', 'https://t.co/q4BlPAHSmI', 'https://decorrespondent.nl/154/een-schoolreisje-naar-schengen/11446358-6ffb0765', '2013-10-11 09:20:05', 'a:10:{s:3:"url";s:79:"https://decorrespondent.nl/154/een-schoolreisje-naar-schengen/11446358-6ffb0765";s:6:"locale";s:5:"nl_NL";s:5:"title";s:30:"Een schoolreisje naar Schengen";s:11:"description";s:0:"";s:9:"site_name";s:16:"De Correspondent";s:4:"type";s:7:"article";s:22:"article:published_time";s:10:"1381475800";s:21:"article:modified_time";s:10:"1381475800";s:14:"article:author";s:13:"Karel Smouter";s:15:"article:section";s:20:"Migratie &amp; Asiel";}'),
	(101, 'https://decorrespondent.nl/148/expres-een-malaria-infectie-oplopen', 'https://t.co/KmpdGDaIL7', 'https://decorrespondent.nl/148/expres-een-malaria-infectie-oplopen/6448508-7c72dfda', '2013-10-11 09:50:05', 'a:10:{s:3:"url";s:83:"https://decorrespondent.nl/148/expres-een-malaria-infectie-oplopen/6448508-7c72dfda";s:6:"locale";s:5:"nl_NL";s:5:"title";s:35:"Expres een malaria-infectie oplopen";s:11:"description";s:0:"";s:9:"site_name";s:16:"De Correspondent";s:4:"type";s:7:"article";s:22:"article:published_time";s:10:"1381472538";s:21:"article:modified_time";s:10:"1381477245";s:14:"article:author";s:15:"Maite Vermeulen";s:15:"article:section";s:27:"Conflict &amp; Ontwikkeling";}'),
	(102, 'https://decorrespondent.nl/160/ongemakkelijk-lang-kijken-naar-adles-lesbische-leven', 'https://t.co/TjtV3P1j2M', 'https://decorrespondent.nl/160/ongemakkelijk-lang-kijken-naar-adles-lesbische-leven/748396000-e269067c', '2013-10-11 10:20:04', 'a:15:{s:3:"url";s:102:"https://decorrespondent.nl/160/ongemakkelijk-lang-kijken-naar-adles-lesbische-leven/748396000-e269067c";s:6:"locale";s:5:"nl_NL";s:5:"title";s:54:"Ongemakkelijk lang kijken naar Adèles lesbische leven";s:11:"description";s:0:"";s:9:"site_name";s:16:"De Correspondent";s:4:"type";s:7:"article";s:22:"article:published_time";s:10:"1381463100";s:21:"article:modified_time";s:10:"1381473474";s:14:"article:author";s:10:"Nina Polak";s:15:"article:section";s:40:"Televisie, Games, Films &amp; Literatuur";s:5:"image";s:86:"https://dynamic.decorrespondent.nl/ff-1381431279/media/660/5256f7ef305aa2.53892426.jpg";s:16:"image:secure_url";s:86:"https://dynamic.decorrespondent.nl/ff-1381431279/media/660/5256f7ef305aa2.53892426.jpg";s:10:"image:type";s:10:"image/jpeg";s:11:"image:width";s:3:"660";s:12:"image:height";s:3:"330";}'),
	(103, 'https://decorrespondent.nl/155/waarom-delen-een-belg-en-een-brit-de-nobelprijs-voor-de-natuurkunde', 'https://t.co/BjBqhjUmbb', 'https://decorrespondent.nl/155/waarom-delen-een-belg-en-een-brit-de-nobelprijs-voor-de-natuurkunde/2411001285-6369a523', '2013-10-11 10:40:05', 'a:10:{s:3:"url";s:118:"https://decorrespondent.nl/155/waarom-delen-een-belg-en-een-brit-de-nobelprijs-voor-de-natuurkunde/2411001285-6369a523";s:6:"locale";s:5:"nl_NL";s:5:"title";s:68:"Waarom delen een Belg en een Brit de Nobelprijs voor de Natuurkunde?";s:11:"description";s:0:"";s:9:"site_name";s:16:"De Correspondent";s:4:"type";s:7:"article";s:22:"article:published_time";s:10:"1381463100";s:21:"article:modified_time";s:10:"1381434131";s:14:"article:author";s:14:"Tomas Vanheste";s:15:"article:section";s:34:"Europa tussen macht en verbeelding";}'),
	(104, 'https://decorrespondent.nl/120/mijn-vrouw-is-feminist-geworden', 'https://t.co/F9VTgdQOL9', 'https://decorrespondent.nl/120/mijn-vrouw-is-feminist-geworden/5202377400-1922744b', '2013-10-11 15:20:05', 'a:15:{s:3:"url";s:82:"https://decorrespondent.nl/120/mijn-vrouw-is-feminist-geworden/5202377400-1922744b";s:6:"locale";s:5:"nl_NL";s:5:"title";s:31:"Mijn vrouw is feminist geworden";s:11:"description";s:0:"";s:9:"site_name";s:16:"De Correspondent";s:4:"type";s:7:"article";s:22:"article:published_time";s:10:"1381463100";s:21:"article:modified_time";s:10:"1381434599";s:14:"article:author";s:14:"Daan Windhorst";s:15:"article:section";s:6:"Satire";s:5:"image";s:86:"https://dynamic.decorrespondent.nl/ff-1381434591/media/660/52570333371208.80381295.jpg";s:16:"image:secure_url";s:86:"https://dynamic.decorrespondent.nl/ff-1381434591/media/660/52570333371208.80381295.jpg";s:10:"image:type";s:10:"image/jpeg";s:11:"image:width";s:3:"660";s:12:"image:height";s:3:"330";}'),
	(105, 'https://decorrespondent.nl/158/de-kans-op-veroordeling', 'https://t.co/cytAlpgYEg', 'https://decorrespondent.nl/158/de-kans-op-veroordeling/7694126-a29f8d05', '2013-10-11 16:40:10', 'a:10:{s:3:"url";s:71:"https://decorrespondent.nl/158/de-kans-op-veroordeling/7694126-a29f8d05";s:6:"locale";s:5:"nl_NL";s:5:"title";s:23:"De kans op veroordeling";s:11:"description";s:0:"";s:9:"site_name";s:16:"De Correspondent";s:4:"type";s:7:"article";s:22:"article:published_time";s:10:"1381502149";s:21:"article:modified_time";s:10:"1381502183";s:14:"article:author";s:17:"Dimitri Tokmetzis";s:15:"article:section";s:24:"Data &amp; Transparantie";}'),
	(106, 'https://decorrespondent.nl/162/welkom-in-koerdistan', 'https://t.co/RBNCOp0rz8', 'https://decorrespondent.nl/162/welkom-in-koerdistan/8304120-19e384be', '2013-10-11 18:30:04', 'a:15:{s:3:"url";s:68:"https://decorrespondent.nl/162/welkom-in-koerdistan/8304120-19e384be";s:6:"locale";s:5:"nl_NL";s:5:"title";s:20:"Welkom in Koerdistan";s:11:"description";s:0:"";s:9:"site_name";s:16:"De Correspondent";s:4:"type";s:7:"article";s:22:"article:published_time";s:10:"1381502800";s:21:"article:modified_time";s:10:"1381502946";s:14:"article:author";s:14:"Monique Samuel";s:15:"article:section";s:44:"Arabische revoluties &amp; het Midden-Oosten";s:5:"image";s:86:"https://dynamic.decorrespondent.nl/ff-1381502792/media/660/52580edd1d6776.46269384.jpg";s:16:"image:secure_url";s:86:"https://dynamic.decorrespondent.nl/ff-1381502792/media/660/52580edd1d6776.46269384.jpg";s:10:"image:type";s:10:"image/jpeg";s:11:"image:width";s:3:"660";s:12:"image:height";s:3:"330";}');
/*!40000 ALTER TABLE `artikelen` ENABLE KEYS */;

-- Dumpen data van tabel decorrespondent.meta: ~353 rows (ongeveer)
/*!40000 ALTER TABLE `meta` DISABLE KEYS */;
INSERT INTO `meta` (`ID`, `waarde`, `type`) VALUES
	(1, 'Hoe Nederland grootmacht in schaduwbankieren werd', 'title'),
	(2, '', 'description'),
	(3, 'article', 'type'),
	(4, '1380884653', 'article:published_time'),
	(5, '1380884653', 'article:modified_time'),
	(6, 'Ewald Engelen', 'article:author'),
	(7, 'Financiële Sector &amp; Schaduwelites', 'article:section'),
	(8, 'Beter dan The Bridge', 'title'),
	(9, '1380789410', 'article:published_time'),
	(10, '1380789410', 'article:modified_time'),
	(11, 'Nina Polak', 'article:author'),
	(12, 'Televisie, Games, Films &amp; Literatuur', 'article:section'),
	(13, 'https://dynamic.decorrespondent.nl/ff-1380483590/media/660/524882068fb9a1.07197642.jpg', 'image'),
	(14, 'https://dynamic.decorrespondent.nl/ff-1380483590/media/660/524882068fb9a1.07197642.jpg', 'image:secure_url'),
	(15, 'image/jpeg', 'image:type'),
	(16, '660', 'image:width'),
	(17, '330', 'image:height'),
	(18, 'De oplossing voor (bijna) alles: minder werken', 'title'),
	(19, 'Zou jij een deel van je koopkracht willen inleveren voor meer vrije tijd? Zo ja, onder welke voorwaarden? Ik ben benieuwd naar jullie mening.', 'description'),
	(20, '1380889742', 'article:published_time'),
	(21, '1380889742', 'article:modified_time'),
	(22, 'Rutger Bregman', 'article:author'),
	(23, 'Vooruitgang', 'article:section'),
	(24, 'https://dynamic.decorrespondent.nl/ff-1380486684/media/660/52488481872683.51580291.jpg', 'image'),
	(25, 'https://dynamic.decorrespondent.nl/ff-1380486684/media/660/52488481872683.51580291.jpg', 'image:secure_url'),
	(26, 'Het participatiegezin is de toekomst', 'title'),
	(27, 'Ken of ben je iemand die onderdeel uitmaakt van een participatiegezin? Ik hoor er graag meer over!', 'description'),
	(28, '1380536892', 'article:published_time'),
	(29, '1380536892', 'article:modified_time'),
	(30, 'Daan Windhorst', 'article:author'),
	(31, 'Satire', 'article:section'),
	(32, 'https://dynamic.decorrespondent.nl/ff-1380466537/media/660/5246c25ab09680.81152907.jpg', 'image'),
	(33, 'https://dynamic.decorrespondent.nl/ff-1380466537/media/660/5246c25ab09680.81152907.jpg', 'image:secure_url'),
	(34, 'Persbericht van Al-Shabaab', 'title'),
	(35, '1380702505', 'article:published_time'),
	(36, '1380702505', 'article:modified_time'),
	(37, 'Rob Wijnberg', 'article:author'),
	(38, 'Media, Politiek &amp; Filosofie', 'article:section'),
	(39, 'https://dynamic.decorrespondent.nl/ff-1380641283/media/660/524aea03e8bbc2.72166706.jpg', 'image'),
	(40, 'https://dynamic.decorrespondent.nl/ff-1380641283/media/660/524aea03e8bbc2.72166706.jpg', 'image:secure_url'),
	(41, 'Niemand weet wie onze staatsschuld bezit', 'title'),
	(42, '1380721779', 'article:published_time'),
	(43, '1380721779', 'article:modified_time'),
	(44, 'Dimitri Tokmetzis', 'article:author'),
	(45, 'Data &amp; Transparantie', 'article:section'),
	(46, 'https://dynamic.decorrespondent.nl/ff-1380664110/media/660/524ae31a7ebe77.71571107.jpg', 'image'),
	(47, 'https://dynamic.decorrespondent.nl/ff-1380664110/media/660/524ae31a7ebe77.71571107.jpg', 'image:secure_url'),
	(48, 'Politiek en popcorn', 'title'),
	(49, 'Voel jij je betrokken bij de politiek? Zie jij wel wat terug van de visie van politici? Ik zou daar graag meer over horen.', 'description'),
	(50, '1380794616', 'article:published_time'),
	(51, '1380794616', 'article:modified_time'),
	(52, 'Ernst-Jan Pfauth', 'article:author'),
	(53, 'Nieuwe journalistiek &amp; Literatuur', 'article:section'),
	(54, 'https://dynamic.decorrespondent.nl/ff-1380653342/media/660/524b191eb24655.84347623.jpg', 'image'),
	(55, 'https://dynamic.decorrespondent.nl/ff-1380653342/media/660/524b191eb24655.84347623.jpg', 'image:secure_url'),
	(56, 'De wereld vergaat maar mensen blijven hun best doen', 'title'),
	(57, '1380529208', 'article:published_time'),
	(58, '1380529208', 'article:modified_time'),
	(59, 'De barmhartige donor', 'title'),
	(60, 'Voor het verhaal over Samaritaanse donatie ben ik op zoek naar mensen die bij leven een orgaan afstaan aan een vreemde. Ken of ben jij zo iemand? Of kun je anderszins bijdragen aan dit verhaal? Laat het me hieronder of per mail weten.', 'description'),
	(61, '1380549979', 'article:published_time'),
	(62, '1380549979', 'article:modified_time'),
	(63, 'Vera Mulder', 'article:author'),
	(64, 'Maatschappij, Gedrag &amp; Groepen', 'article:section'),
	(65, 'Wat is de creatieve industrie?', 'title'),
	(66, '1380874403', 'article:published_time'),
	(67, '1380874403', 'article:modified_time'),
	(68, 'Lynn Berger', 'article:author'),
	(69, 'Technologie, Cultuur &amp; Clichés', 'article:section'),
	(70, 'Met papa en mama in de daklozenopvang', 'title'),
	(71, '1380632222', 'article:published_time'),
	(72, '1380632222', 'article:modified_time'),
	(73, 'https://dynamic.decorrespondent.nl/ff-1380484462/media/660/5248856e79ebd4.52047155.jpg', 'image'),
	(74, 'https://dynamic.decorrespondent.nl/ff-1380484462/media/660/5248856e79ebd4.52047155.jpg', 'image:secure_url'),
	(75, 'Speuren naar verhalen in de databerg', 'title'),
	(76, '1380488542', 'article:published_time'),
	(77, '1380488542', 'article:modified_time'),
	(78, 'https://dynamic.decorrespondent.nl/ff-1380526693/media/660/52489558ba2a51.00529821.jpg', 'image'),
	(79, 'https://dynamic.decorrespondent.nl/ff-1380526693/media/660/52489558ba2a51.00529821.jpg', 'image:secure_url'),
	(80, 'Silicon Savannah - de onzichtbare innovatie in Afrika', 'title'),
	(81, 'Zijn er nog vragen over de ict-sector in Afrika die jullie specifiek beantwoord willen zien? Laat het me dan vooral weten. ', 'description'),
	(82, '1380707659', 'article:published_time'),
	(83, '1380707659', 'article:modified_time'),
	(84, 'Maite Vermeulen', 'article:author'),
	(85, 'Conflict &amp; Ontwikkeling', 'article:section'),
	(86, 'Breivik gaat studeren', 'title'),
	(87, '1380614467', 'article:published_time'),
	(88, '1380614467', 'article:modified_time'),
	(89, 'Femke Halsema', 'article:author'),
	(90, 'Criminaliteit &amp; Populaire cultuur', 'article:section'),
	(91, 'https://dynamic.decorrespondent.nl/ff-1380572980/media/660/5249df34a77a75.78082711.jpg', 'image'),
	(92, 'https://dynamic.decorrespondent.nl/ff-1380572980/media/660/5249df34a77a75.78082711.jpg', 'image:secure_url'),
	(93, 'Europa gelooft steeds minder in democratie', 'title'),
	(94, 'Mijn vraag van vandaag: hoe komt het dat die neergang van vertrouwen in de democratie niet tot meer onrust leidt?', 'description'),
	(95, '1380878028', 'article:published_time'),
	(96, '1380878028', 'article:modified_time'),
	(97, 'David Van Reybrouck', 'article:author'),
	(98, 'Democratie, Cartografie &amp; Conflictanalyse', 'article:section'),
	(99, 'https://dynamic.decorrespondent.nl/ff-1380820966/media/660/524da7e6b30ce4.97874757.jpg', 'image'),
	(100, 'https://dynamic.decorrespondent.nl/ff-1380820966/media/660/524da7e6b30ce4.97874757.jpg', 'image:secure_url'),
	(101, 'De terugkeer van de Muur', 'title'),
	(102, 'Ik zie in de explosie van het aantal grensmuren in de wereld sterke aanwijzingen voor mondiale Apartheid.  Maar hoe kijken jullie daar tegen aan? Zien jullie andere aanwijzingen? Of juist tekenen die de stelling ontkrachten?', 'description'),
	(103, '1380557548', 'article:published_time'),
	(104, '1380557548', 'article:modified_time'),
	(105, 'Dick Wittenberg', 'article:author'),
	(106, 'Ongelijkheid, Globalisering &amp; Armoede', 'article:section'),
	(107, 'https://dynamic.decorrespondent.nl/ff-1380481813/media/660/52487b15e51cd8.92763008.jpg', 'image'),
	(108, 'https://dynamic.decorrespondent.nl/ff-1380481813/media/660/52487b15e51cd8.92763008.jpg', 'image:secure_url'),
	(109, 'Holland&#039;s Next Marsbewoner', 'title'),
	(110, '1380873028', 'article:published_time'),
	(111, '1380900860', 'article:modified_time'),
	(112, 'Joris van Casteren', 'article:author'),
	(113, 'Buitengewoon &amp; Buitenaards leven', 'article:section'),
	(114, 'https://dynamic.decorrespondent.nl/ff-1380820493/media/660/524c1450596880.94169572.jpg', 'image'),
	(115, 'https://dynamic.decorrespondent.nl/ff-1380820493/media/660/524c1450596880.94169572.jpg', 'image:secure_url'),
	(116, 'Draagbare Heimat', 'title'),
	(117, '1380628692', 'article:published_time'),
	(118, '1380628692', 'article:modified_time'),
	(119, 'Arnon Grunberg', 'article:author'),
	(120, 'Hotelmens', 'article:section'),
	(121, 'https://dynamic.decorrespondent.nl/ff-1380483100/media/660/5248801cb58118.27467968.jpg', 'image'),
	(122, 'https://dynamic.decorrespondent.nl/ff-1380483100/media/660/5248801cb58118.27467968.jpg', 'image:secure_url'),
	(123, 'Wat is Al-Shabaab?', 'title'),
	(124, 'Zijn er nog meer veel in het nieuws voorkomende groeperingen waarvan je benieuwd bent wie ze precies zijn en wat ze willen? Laat het weten.', 'description'),
	(125, '1380878077', 'article:published_time'),
	(126, '1380878077', 'article:modified_time'),
	(127, 'Wat ronkt er onder de motorkap van de informatiesamenleving?', 'title'),
	(128, '1380889230', 'article:published_time'),
	(129, '1380889230', 'article:modified_time'),
	(130, 'Gelekt! Het Format', 'title'),
	(131, '1380881252', 'article:published_time'),
	(132, '1380881252', 'article:modified_time'),
	(133, 'De Pingpong-correspondent', 'title'),
	(134, 'Het debat over ons asielbeleid zit muurvast. Welke manieren zien jullie om het open te breken? Naar welke oplossingsrichtingen moet ik op zoek gaan?', 'description'),
	(135, '1380609486', 'article:published_time'),
	(136, '1380609486', 'article:modified_time'),
	(137, 'Karel Smouter', 'article:author'),
	(138, 'Migratie &amp; Asiel', 'article:section'),
	(139, 'Waar blijft Luilekkerland?', 'title'),
	(140, '1380892594', 'article:published_time'),
	(141, '1380892594', 'article:modified_time'),
	(142, 'https://dynamic.decorrespondent.nl/ff-1380885803/media/660/524ea52b137299.27410514.jpg', 'image'),
	(143, 'https://dynamic.decorrespondent.nl/ff-1380885803/media/660/524ea52b137299.27410514.jpg', 'image:secure_url'),
	(144, 'Filter bubbles en serendipiteit (of: waarom je correspondenten kunt volgen)', 'title'),
	(145, '1380821221', 'article:published_time'),
	(146, '1380821221', 'article:modified_time'),
	(147, 'https://dynamic.decorrespondent.nl/ff-1380802772/media/660/524d60d4346226.84808312.jpg', 'image'),
	(148, 'https://dynamic.decorrespondent.nl/ff-1380802772/media/660/524d60d4346226.84808312.jpg', 'image:secure_url'),
	(149, 'Stop bitching, start a revolution', 'title'),
	(150, 'Heb jij een project dat je aan wilt melden? Laat het me vooral hieronder weten of via jelle@decorrespondent.nl.', 'description'),
	(151, '1380531652', 'article:published_time'),
	(152, '1380531652', 'article:modified_time'),
	(153, 'Jelle Brandt Corstius', 'article:author'),
	(154, 'Nieuw Nederland', 'article:section'),
	(155, 'https://dynamic.decorrespondent.nl/ff-1380531644/media/660/52493dbcf2ff12.04334633.jpg', 'image'),
	(156, 'https://dynamic.decorrespondent.nl/ff-1380531644/media/660/52493dbcf2ff12.04334633.jpg', 'image:secure_url'),
	(157, 'Het land van carnaval en gedwongen keizersnedes', 'title'),
	(158, '1380944700', 'article:published_time'),
	(159, '1380922746', 'article:modified_time'),
	(160, 'Jos de Putter', 'article:author'),
	(161, 'Webdocumentaires', 'article:section'),
	(162, 'https://dynamic.decorrespondent.nl/ff-1380922284/media/660/524f338ae47a92.16490588.jpg', 'image'),
	(163, 'https://dynamic.decorrespondent.nl/ff-1380922284/media/660/524f338ae47a92.16490588.jpg', 'image:secure_url'),
	(164, 'Leesvoer voor het weekend', 'title'),
	(165, '1380958299', 'article:modified_time'),
	(166, 'https://dynamic.decorrespondent.nl/ff-1380907736/media/660/524efad89a5696.78083791.jpg', 'image'),
	(167, 'https://dynamic.decorrespondent.nl/ff-1380907736/media/660/524efad89a5696.78083791.jpg', 'image:secure_url'),
	(168, 'Hoe &#039;transparantie&#039; het antwoord op alles werd', 'title'),
	(169, '1380895099', 'article:published_time'),
	(170, '1380895099', 'article:modified_time'),
	(171, 'https://dynamic.decorrespondent.nl/ff-1380895092/media/660/5242ec1979b4f3.73622454.jpg', 'image'),
	(172, 'https://dynamic.decorrespondent.nl/ff-1380895092/media/660/5242ec1979b4f3.73622454.jpg', 'image:secure_url'),
	(173, 'De Nederlandse staatsschuld is niet te hoog', 'title'),
	(174, '1380665018', 'article:published_time'),
	(175, '1380665018', 'article:modified_time'),
	(176, 'Een kopieerapparaat dat altijd werkt', 'title'),
	(177, '1380489974', 'article:published_time'),
	(178, '1380489974', 'article:modified_time'),
	(179, 'Johannes Visser', 'article:author'),
	(180, 'Onderwijs', 'article:section'),
	(181, 'Wil de echte utopist nu opstaan?', 'title'),
	(182, 'Proberen we migratiestromen inderdaad te veel te reguleren? Is er een pragmatisch midden te vinden tussen het ideaal van open grenzen en de droom van gesloten grenzen? Ik lees uw wijze bijdragen graag hieronder.', 'description'),
	(183, '1380982629', 'article:published_time'),
	(184, '1380983136', 'article:modified_time'),
	(185, 'Wat wil je van Evgeny Morozov weten? ', 'title'),
	(186, '1380484948', 'article:published_time'),
	(187, '1380484948', 'article:modified_time'),
	(188, 'Maurits Martijn', 'article:author'),
	(189, 'Technologie &amp; Surveillance', 'article:section'),
	(190, 'Van jonge menschen, de dingen die vooruitgaan', 'title'),
	(191, 'Volg me ook op Twitter (@rcbregman). In mijn tuin hoop ik met jullie in discussie te gaan over tal van zaken: de staat van het (hoger) onderwijs, de kosten van de zorg en - bovenal - de echte uitdagingen van deze eeuw! ', 'description'),
	(192, '1380891649', 'article:published_time'),
	(193, '1380891649', 'article:modified_time'),
	(194, 'Medewerkers van de NSA bespioneren exen en bedpartners', 'title'),
	(195, '1380545504', 'article:published_time'),
	(196, '1380545504', 'article:modified_time'),
	(197, 'Meer aanzien voor de leraar helpt het onderwijs niet vooruit', 'title'),
	(198, 'Welke gegevens uit het bovenstaand onderzoek vinden jullie het meest interessant of opmerkelijk?', 'description'),
	(199, '1381117500', 'article:published_time'),
	(200, '1381118101', 'article:modified_time'),
	(201, 'De paradox van de permanente crisis', 'title'),
	(202, 'Hoe kijken jullie tegen de crisis aan? Is het een versleten cliché met bijbedoelingen geworden of is de term nog wel van toepassing?', 'description'),
	(203, '1381085349', 'article:modified_time'),
	(204, 'https://dynamic.decorrespondent.nl/ff-1381084559/media/660/5251959b4e8e22.66947652.jpg', 'image'),
	(205, 'https://dynamic.decorrespondent.nl/ff-1381084559/media/660/5251959b4e8e22.66947652.jpg', 'image:secure_url'),
	(206, 'Wat is Tor?', 'title'),
	(207, 'De datobese overheid', 'title'),
	(208, '1381126637', 'article:modified_time'),
	(209, 'Een sauna in Beieren', 'title'),
	(210, '1381079755', 'article:modified_time'),
	(211, 'https://dynamic.decorrespondent.nl/ff-1380901313/media/660/524ee1c1e78618.43708109.jpg', 'image'),
	(212, 'https://dynamic.decorrespondent.nl/ff-1380901313/media/660/524ee1c1e78618.43708109.jpg', 'image:secure_url'),
	(213, 'De luis in de pels in Doha, deel II', 'title'),
	(214, '1381133457', 'article:published_time'),
	(215, '1381137564', 'article:modified_time'),
	(216, 'Monique Samuel', 'article:author'),
	(217, 'Arabische revoluties &amp; het Midden-Oosten', 'article:section'),
	(218, 'https://dynamic.decorrespondent.nl/ff-1380894467/media/660/524ec408546126.72738009.jpg', 'image'),
	(219, 'https://dynamic.decorrespondent.nl/ff-1380894467/media/660/524ec408546126.72738009.jpg', 'image:secure_url'),
	(220, 'Iemand die ik niet ken: Jabba', 'title'),
	(221, '1380542342', 'article:published_time'),
	(222, '1380542342', 'article:modified_time'),
	(228, 'Tijdreizen volgens Donna Tartt: lees Charles Dickens', 'title'),
	(229, '1381148032', 'article:published_time'),
	(230, '1381148084', 'article:modified_time'),
	(231, 'https://dynamic.decorrespondent.nl/ff-1381147813/media/660/5252a4a5f35fa1.31243991.jpg', 'image'),
	(232, 'https://dynamic.decorrespondent.nl/ff-1381147813/media/660/5252a4a5f35fa1.31243991.jpg', 'image:secure_url'),
	(233, 'Pleidooi voor minder beeld', 'title'),
	(234, '1380532119', 'article:published_time'),
	(235, '1380532119', 'article:modified_time'),
	(236, 'Sterre Sprengers', 'article:author'),
	(237, 'Fotografie, Illustratie &amp; Beeldvorming', 'article:section'),
	(238, 'https://dynamic.decorrespondent.nl/ff-1380531841/media/660/52493e81a44079.39705120.jpg', 'image'),
	(239, 'https://dynamic.decorrespondent.nl/ff-1380531841/media/660/52493e81a44079.39705120.jpg', 'image:secure_url'),
	(240, 'Hoeren', 'title'),
	(241, '1381185263', 'article:published_time'),
	(242, '1381185263', 'article:modified_time'),
	(243, 'https://dynamic.decorrespondent.nl/ff-1381182609/media/660/52532c91d747b7.90332460.jpg', 'image'),
	(244, 'https://dynamic.decorrespondent.nl/ff-1381182609/media/660/52532c91d747b7.90332460.jpg', 'image:secure_url'),
	(245, 'Digitale dreigingsinflatie', 'title'),
	(246, '1381203900', 'article:published_time'),
	(247, '1381179194', 'article:modified_time'),
	(248, 'Op bezoek bij de Syrische vluchtelingen in Al-Za&#039;atari', 'title'),
	(249, '1381204503', 'article:modified_time'),
	(250, 'https://dynamic.decorrespondent.nl/ff-1381054568/media/660/52513453c20c17.85727951.jpg', 'image'),
	(251, 'https://dynamic.decorrespondent.nl/ff-1381054568/media/660/52513453c20c17.85727951.jpg', 'image:secure_url'),
	(252, 'Retourtje Rwanda voor massamoordenaars', 'title'),
	(253, '. ', 'description'),
	(254, '1381179146', 'article:modified_time'),
	(255, 'Iemand die ik niet ken: Bettina', 'title'),
	(256, 'Hoe arm/rijk zijn ouderen?', 'title'),
	(257, '1381204501', 'article:modified_time'),
	(258, 'Generaties lang in een vluchtelingenkamp', 'title'),
	(259, 'https://dynamic.decorrespondent.nl/ff-1381162521/media/660/5251943334d945.52049796.jpg', 'image'),
	(260, 'https://dynamic.decorrespondent.nl/ff-1381162521/media/660/5251943334d945.52049796.jpg', 'image:secure_url'),
	(261, 'Foto&#039;s terugvinden zal net zo gemakkelijk worden als foto&#039;s maken', 'title'),
	(262, '1381218607', 'article:published_time'),
	(263, '1381218830', 'article:modified_time'),
	(264, 'Het zelfhulpboek van JD Salinger', 'title'),
	(265, '1381227889', 'article:published_time'),
	(266, '1381227889', 'article:modified_time'),
	(267, 'https://dynamic.decorrespondent.nl/ff-1381154683/media/660/5252bf7b96bc96.22025467.jpg', 'image'),
	(268, 'https://dynamic.decorrespondent.nl/ff-1381154683/media/660/5252bf7b96bc96.22025467.jpg', 'image:secure_url'),
	(270, 'De luis in de pels uit Doha, deel I ', 'title'),
	(271, '1380890819', 'article:published_time'),
	(272, '1380890819', 'article:modified_time'),
	(273, 'https://dynamic.decorrespondent.nl/ff-1380486755/media/660/52488beb449e77.85983352.jpg', 'image'),
	(274, 'https://dynamic.decorrespondent.nl/ff-1380486755/media/660/52488beb449e77.85983352.jpg', 'image:secure_url'),
	(275, 'Hoe goed zijn onze moderne waarzeggers?', 'title'),
	(276, 'Heb je een goed idee, of heb je goede feedback, laat het me  vooral weten in de comments of via twitter (@tokmetzis).', 'description'),
	(277, '1381257870', 'article:published_time'),
	(278, '1381257870', 'article:modified_time'),
	(279, 'Ministerie van Waarheid', 'title'),
	(280, '1381290300', 'article:published_time'),
	(281, '1381290901', 'article:modified_time'),
	(282, 'https://dynamic.decorrespondent.nl/ff-1381248787/media/660/52542f139b98b4.83073665.jpg', 'image'),
	(283, 'https://dynamic.decorrespondent.nl/ff-1381248787/media/660/52542f139b98b4.83073665.jpg', 'image:secure_url'),
	(284, 'Wat is er mis met onze universiteiten?', 'title'),
	(285, 'Zijn er nog prangende vragen over de wetenschap en/of de universiteiten die jullie graag aan de orde gesteld zien? Laat het dan vooral weten. ', 'description'),
	(286, '1381264215', 'article:modified_time'),
	(287, 'Big Business is watching you', 'title'),
	(288, 'Heb je tips of suggesties die kunnen helpen bij het onderzoek naar trackers? Of ben je ooit zelf benadeeld door een bedrijf op grond van informatie die van jou online is verzameld? En: heb jij suggesties voor alternatieven van de trackers op onze site? La', 'description'),
	(289, '1381260389', 'article:modified_time'),
	(290, 'https://dynamic.decorrespondent.nl/ff-1380484080/media/660/524883f0e1b276.78153100.jpg', 'image'),
	(291, 'https://dynamic.decorrespondent.nl/ff-1380484080/media/660/524883f0e1b276.78153100.jpg', 'image:secure_url'),
	(292, 'Van wie is een foto op Facebook?', 'title'),
	(293, 'Verzameling 1: Obama aan het werk', 'title'),
	(294, 'Vallen je nog andere dingen op in deze verzameling? Ik ben benieuwd!', 'description'),
	(295, '1381264283', 'article:modified_time'),
	(296, 'https://dynamic.decorrespondent.nl/ff-1381084525/media/660/524d8deb708a76.09329162.jpg', 'image'),
	(297, 'https://dynamic.decorrespondent.nl/ff-1381084525/media/660/524d8deb708a76.09329162.jpg', 'image:secure_url'),
	(298, 'Door wie worden we online gevolgd?', 'title'),
	(299, 'Ik ben niet toegekomen aan het visualiseren van deze data. Ik wil eigenlijk het netwerk laten zien, waarbij je ook de informatie uit de privacy policies inzichtelijk kan krijgen. Dit is wat mij betreft de eerste stap. Ik wil ook nog een meer uitgebreide a', 'description'),
	(300, '1381265156', 'article:modified_time'),
	(301, 'https://dynamic.decorrespondent.nl/ff-1380488760/media/660/5246df8586ac34.09396825.jpg', 'image'),
	(302, 'https://dynamic.decorrespondent.nl/ff-1380488760/media/660/5246df8586ac34.09396825.jpg', 'image:secure_url'),
	(303, 'Hoe kun je trackers blocken?', 'title'),
	(304, 'Heb je nog goede suggesties voor andere blockers, laat het me weten in de comments.', 'description'),
	(305, '1381299590', 'article:published_time'),
	(306, '1381299590', 'article:modified_time'),
	(307, '&#039;Wij politici hebben gefaald&#039; ', 'title'),
	(308, '1380837037', 'article:published_time'),
	(309, '1380837037', 'article:modified_time'),
	(310, 'Tomas Vanheste', 'article:author'),
	(311, 'Europa tussen macht en verbeelding', 'article:section'),
	(312, 'Grensoverschrijdend Gedrag ', 'title'),
	(313, '1381315199', 'article:published_time'),
	(314, '1381316234', 'article:modified_time'),
	(315, 'De geschiedenis van de genocide bijwonen', 'title'),
	(316, '1381309827', 'article:published_time'),
	(317, '1381314586', 'article:modified_time'),
	(318, 'Scherp, sterk en plat: de wonderlijke werking van de fiets in Nederland', 'title'),
	(319, '1381307451', 'article:published_time'),
	(320, '1381307451', 'article:modified_time'),
	(321, 'Wat is er mis met de Wet openbaarheid van bestuur?', 'title'),
	(322, '1380702945', 'article:published_time'),
	(323, '1380702945', 'article:modified_time'),
	(324, 'Hoe een machtige lobby onze privacy onder druk zet', 'title'),
	(325, '1381376700', 'article:published_time'),
	(326, '1381338416', 'article:modified_time'),
	(327, 'https://dynamic.decorrespondent.nl/ff-1381333093/media/660/5255786544fe58.20288898.jpg', 'image'),
	(328, 'https://dynamic.decorrespondent.nl/ff-1381333093/media/660/5255786544fe58.20288898.jpg', 'image:secure_url'),
	(329, 'Europa, het tragische fort', 'title'),
	(330, 'In oktober breng ik de &#039;bouwers&#039; van Fort Europa in beeld. Ik zal schrijven over Europees asielbeleid, de Dienst Terugkeer &amp; Vertrek en de verhouding tussen grensbewaking en mensenrechten. Op welke vragen moet ik sowieso een antwoord vinden?', 'description'),
	(331, '1381377301', 'article:modified_time'),
	(332, 'https://dynamic.decorrespondent.nl/ff-1381335406/media/660/524d9311cf4dd2.26506689.jpg', 'image'),
	(333, 'https://dynamic.decorrespondent.nl/ff-1381335406/media/660/524d9311cf4dd2.26506689.jpg', 'image:secure_url'),
	(334, 'Hoe vernietig je de chemische wapens van Syrië?', 'title'),
	(335, 'Peter Mair en de kracht van wetenschappelijke analyse', 'title'),
	(336, '1381401884', 'article:published_time'),
	(337, '1381401884', 'article:modified_time'),
	(338, '1381404084', 'article:published_time'),
	(339, '1381404084', 'article:modified_time'),
	(340, 'Alsof je weet waar je mee bezig bent', 'title'),
	(341, '1381337275', 'article:modified_time'),
	(342, 'https://dynamic.decorrespondent.nl/ff-1381233997/media/660/5253f2be4d2866.59070357.jpg', 'image'),
	(343, 'https://dynamic.decorrespondent.nl/ff-1381233997/media/660/5253f2be4d2866.59070357.jpg', 'image:secure_url'),
	(344, 'De bijna betekenisloze prognose (bbp)', 'title'),
	(345, '1381463100', 'article:published_time'),
	(346, '1381463702', 'article:modified_time'),
	(347, 'https://dynamic.decorrespondent.nl/ff-1381424107/media/660/5256dbebbb7808.50603541.jpg', 'image'),
	(348, 'https://dynamic.decorrespondent.nl/ff-1381424107/media/660/5256dbebbb7808.50603541.jpg', 'image:secure_url'),
	(349, 'Democratie? Leuk, maar niet hoe het nu gaat', 'title'),
	(350, 'Een emotionele vraag: hoe voelen we ons als burger bij het bekijken van dat wetenschappelijk cijfermateriaal? ', 'description'),
	(351, 'https://dynamic.decorrespondent.nl/ff-1381402356/media/660/525686f4b11e23.63437352.jpg', 'image'),
	(352, 'https://dynamic.decorrespondent.nl/ff-1381402356/media/660/525686f4b11e23.63437352.jpg', 'image:secure_url'),
	(353, 'Een schoolreisje naar Schengen', 'title'),
	(354, '1381475800', 'article:published_time'),
	(355, '1381475800', 'article:modified_time'),
	(356, 'Expres een malaria-infectie oplopen', 'title'),
	(357, '1381472538', 'article:published_time'),
	(358, '1381477245', 'article:modified_time'),
	(359, 'Ongemakkelijk lang kijken naar Adèles lesbische leven', 'title'),
	(360, '1381473474', 'article:modified_time'),
	(361, 'https://dynamic.decorrespondent.nl/ff-1381431279/media/660/5256f7ef305aa2.53892426.jpg', 'image'),
	(362, 'https://dynamic.decorrespondent.nl/ff-1381431279/media/660/5256f7ef305aa2.53892426.jpg', 'image:secure_url'),
	(363, 'Waarom delen een Belg en een Brit de Nobelprijs voor de Natuurkunde?', 'title'),
	(364, '1381434131', 'article:modified_time'),
	(365, 'Mijn vrouw is feminist geworden', 'title'),
	(366, '1381434599', 'article:modified_time'),
	(367, 'https://dynamic.decorrespondent.nl/ff-1381434591/media/660/52570333371208.80381295.jpg', 'image'),
	(368, 'https://dynamic.decorrespondent.nl/ff-1381434591/media/660/52570333371208.80381295.jpg', 'image:secure_url'),
	(369, 'De kans op veroordeling', 'title'),
	(370, '1381502149', 'article:published_time'),
	(371, '1381502183', 'article:modified_time'),
	(372, 'Welkom in Koerdistan', 'title'),
	(373, '1381502800', 'article:published_time'),
	(374, '1381502946', 'article:modified_time'),
	(375, 'https://dynamic.decorrespondent.nl/ff-1381502792/media/660/52580edd1d6776.46269384.jpg', 'image'),
	(376, 'https://dynamic.decorrespondent.nl/ff-1381502792/media/660/52580edd1d6776.46269384.jpg', 'image:secure_url');
/*!40000 ALTER TABLE `meta` ENABLE KEYS */;

-- Dumpen data van tabel decorrespondent.meta_artikel: ~816 rows (ongeveer)
/*!40000 ALTER TABLE `meta_artikel` DISABLE KEYS */;
INSERT INTO `meta_artikel` (`ID`, `art_id`, `meta_id`) VALUES
	(1, 7, 1),
	(2, 7, 2),
	(3, 7, 3),
	(4, 7, 4),
	(5, 7, 5),
	(6, 7, 6),
	(7, 7, 7),
	(8, 6, 8),
	(9, 6, 2),
	(10, 6, 3),
	(11, 6, 9),
	(12, 6, 10),
	(13, 6, 11),
	(14, 6, 12),
	(15, 6, 13),
	(16, 6, 14),
	(17, 6, 15),
	(18, 6, 16),
	(19, 6, 17),
	(20, 5, 18),
	(21, 5, 19),
	(22, 5, 3),
	(23, 5, 20),
	(24, 5, 21),
	(25, 5, 22),
	(26, 5, 23),
	(27, 5, 24),
	(28, 5, 25),
	(29, 5, 15),
	(30, 5, 16),
	(31, 5, 17),
	(32, 8, 26),
	(33, 8, 27),
	(34, 8, 3),
	(35, 8, 28),
	(36, 8, 29),
	(37, 8, 30),
	(38, 8, 31),
	(39, 8, 32),
	(40, 8, 33),
	(41, 8, 15),
	(42, 8, 16),
	(43, 8, 17),
	(44, 9, 34),
	(45, 9, 2),
	(46, 9, 3),
	(47, 9, 35),
	(48, 9, 36),
	(49, 9, 37),
	(50, 9, 38),
	(51, 9, 39),
	(52, 9, 40),
	(53, 9, 15),
	(54, 9, 16),
	(55, 9, 17),
	(56, 10, 41),
	(57, 10, 2),
	(58, 10, 3),
	(59, 10, 42),
	(60, 10, 43),
	(61, 10, 44),
	(62, 10, 45),
	(63, 10, 46),
	(64, 10, 47),
	(65, 10, 15),
	(66, 10, 16),
	(67, 10, 17),
	(68, 11, 48),
	(69, 11, 49),
	(70, 11, 3),
	(71, 11, 50),
	(72, 11, 51),
	(73, 11, 52),
	(74, 11, 53),
	(75, 11, 54),
	(76, 11, 55),
	(77, 11, 15),
	(78, 11, 16),
	(79, 11, 17),
	(80, 12, 56),
	(81, 12, 2),
	(82, 12, 3),
	(83, 12, 57),
	(84, 12, 58),
	(85, 12, 52),
	(86, 12, 53),
	(87, 13, 59),
	(88, 13, 60),
	(89, 13, 3),
	(90, 13, 61),
	(91, 13, 62),
	(92, 13, 63),
	(93, 13, 64),
	(94, 14, 65),
	(95, 14, 2),
	(96, 14, 3),
	(97, 14, 66),
	(98, 14, 67),
	(99, 14, 68),
	(100, 14, 69),
	(101, 15, 70),
	(102, 15, 2),
	(103, 15, 3),
	(104, 15, 71),
	(105, 15, 72),
	(106, 15, 63),
	(107, 15, 64),
	(108, 15, 73),
	(109, 15, 74),
	(110, 15, 15),
	(111, 15, 16),
	(112, 15, 17),
	(113, 16, 75),
	(114, 16, 2),
	(115, 16, 3),
	(116, 16, 76),
	(117, 16, 77),
	(118, 16, 44),
	(119, 16, 45),
	(120, 16, 78),
	(121, 16, 79),
	(122, 16, 15),
	(123, 16, 16),
	(124, 16, 17),
	(125, 17, 80),
	(126, 17, 81),
	(127, 17, 3),
	(128, 17, 82),
	(129, 17, 83),
	(130, 17, 84),
	(131, 17, 85),
	(132, 18, 86),
	(133, 18, 2),
	(134, 18, 3),
	(135, 18, 87),
	(136, 18, 88),
	(137, 18, 89),
	(138, 18, 90),
	(139, 18, 91),
	(140, 18, 92),
	(141, 18, 15),
	(142, 18, 16),
	(143, 18, 17),
	(144, 24, 93),
	(145, 24, 94),
	(146, 24, 3),
	(147, 24, 95),
	(148, 24, 96),
	(149, 24, 97),
	(150, 24, 98),
	(151, 24, 99),
	(152, 24, 100),
	(153, 24, 15),
	(154, 24, 16),
	(155, 24, 17),
	(156, 25, 101),
	(157, 25, 102),
	(158, 25, 3),
	(159, 25, 103),
	(160, 25, 104),
	(161, 25, 105),
	(162, 25, 106),
	(163, 25, 107),
	(164, 25, 108),
	(165, 25, 15),
	(166, 25, 16),
	(167, 25, 17),
	(168, 26, 109),
	(169, 26, 2),
	(170, 26, 3),
	(171, 26, 110),
	(172, 26, 111),
	(173, 26, 112),
	(174, 26, 113),
	(175, 26, 114),
	(176, 26, 115),
	(177, 26, 15),
	(178, 26, 16),
	(179, 26, 17),
	(180, 27, 116),
	(181, 27, 2),
	(182, 27, 3),
	(183, 27, 117),
	(184, 27, 118),
	(185, 27, 119),
	(186, 27, 120),
	(187, 27, 121),
	(188, 27, 122),
	(189, 27, 15),
	(190, 27, 16),
	(191, 27, 17),
	(192, 28, 123),
	(193, 28, 124),
	(194, 28, 3),
	(195, 28, 125),
	(196, 28, 126),
	(197, 28, 84),
	(198, 28, 85),
	(199, 29, 127),
	(200, 29, 2),
	(201, 29, 3),
	(202, 29, 128),
	(203, 29, 129),
	(204, 29, 44),
	(205, 29, 45),
	(206, 30, 130),
	(207, 30, 2),
	(208, 30, 3),
	(209, 30, 131),
	(210, 30, 132),
	(211, 30, 30),
	(212, 30, 31),
	(213, 35, 133),
	(214, 35, 134),
	(215, 35, 3),
	(216, 35, 135),
	(217, 35, 136),
	(218, 35, 137),
	(219, 35, 138),
	(220, 32, 139),
	(221, 32, 2),
	(222, 32, 3),
	(223, 32, 140),
	(224, 32, 141),
	(225, 32, 22),
	(226, 32, 23),
	(227, 32, 142),
	(228, 32, 143),
	(229, 32, 15),
	(230, 32, 16),
	(231, 32, 17),
	(232, 33, 144),
	(233, 33, 2),
	(234, 33, 3),
	(235, 33, 145),
	(236, 33, 146),
	(237, 33, 52),
	(238, 33, 53),
	(239, 33, 147),
	(240, 33, 148),
	(241, 33, 15),
	(242, 33, 16),
	(243, 33, 17),
	(244, 34, 149),
	(245, 34, 150),
	(246, 34, 3),
	(247, 34, 151),
	(248, 34, 152),
	(249, 34, 153),
	(250, 34, 154),
	(251, 34, 155),
	(252, 34, 156),
	(253, 34, 15),
	(254, 34, 16),
	(255, 34, 17),
	(268, 38, 157),
	(269, 38, 2),
	(270, 38, 3),
	(271, 38, 158),
	(272, 38, 159),
	(273, 38, 160),
	(274, 38, 161),
	(275, 38, 162),
	(276, 38, 163),
	(277, 38, 15),
	(278, 38, 16),
	(279, 38, 17),
	(280, 39, 164),
	(281, 39, 2),
	(282, 39, 3),
	(283, 39, 158),
	(284, 39, 165),
	(285, 39, 37),
	(286, 39, 38),
	(287, 39, 166),
	(288, 39, 167),
	(289, 39, 15),
	(290, 39, 16),
	(291, 39, 17),
	(292, 40, 168),
	(293, 40, 2),
	(294, 40, 3),
	(295, 40, 169),
	(296, 40, 170),
	(297, 40, 68),
	(298, 40, 69),
	(299, 40, 171),
	(300, 40, 172),
	(301, 40, 15),
	(302, 40, 16),
	(303, 40, 17),
	(304, 41, 173),
	(305, 41, 2),
	(306, 41, 3),
	(307, 41, 174),
	(308, 41, 175),
	(309, 41, 44),
	(310, 41, 45),
	(311, 42, 176),
	(312, 42, 2),
	(313, 42, 3),
	(314, 42, 177),
	(315, 42, 178),
	(316, 42, 179),
	(317, 42, 180),
	(318, 43, 181),
	(319, 43, 182),
	(320, 43, 3),
	(321, 43, 183),
	(322, 43, 184),
	(323, 43, 137),
	(324, 43, 138),
	(325, 44, 185),
	(326, 44, 2),
	(327, 44, 3),
	(328, 44, 186),
	(329, 44, 187),
	(330, 44, 188),
	(331, 44, 189),
	(332, 45, 190),
	(333, 45, 191),
	(334, 45, 3),
	(335, 45, 192),
	(336, 45, 193),
	(337, 45, 22),
	(338, 45, 23),
	(339, 46, 194),
	(340, 46, 2),
	(341, 46, 3),
	(342, 46, 195),
	(343, 46, 196),
	(344, 46, 188),
	(345, 46, 189),
	(346, 47, 197),
	(347, 47, 198),
	(348, 47, 3),
	(349, 47, 199),
	(350, 47, 200),
	(351, 47, 179),
	(352, 47, 180),
	(353, 48, 201),
	(354, 48, 202),
	(355, 48, 3),
	(356, 48, 199),
	(357, 48, 203),
	(358, 48, 68),
	(359, 48, 69),
	(360, 48, 204),
	(361, 48, 205),
	(362, 48, 15),
	(363, 48, 16),
	(364, 48, 17),
	(365, 49, 206),
	(366, 49, 2),
	(367, 49, 3),
	(368, 49, 199),
	(369, 49, 200),
	(370, 49, 44),
	(371, 49, 45),
	(372, 50, 207),
	(373, 50, 2),
	(374, 50, 3),
	(375, 50, 199),
	(376, 50, 208),
	(377, 50, 188),
	(378, 50, 189),
	(379, 51, 209),
	(380, 51, 2),
	(381, 51, 3),
	(382, 51, 199),
	(383, 51, 210),
	(384, 51, 119),
	(385, 51, 120),
	(386, 51, 211),
	(387, 51, 212),
	(388, 51, 15),
	(389, 51, 16),
	(390, 51, 17),
	(391, 52, 213),
	(392, 52, 2),
	(393, 52, 3),
	(394, 52, 214),
	(395, 52, 215),
	(396, 52, 216),
	(397, 52, 217),
	(398, 52, 218),
	(399, 52, 219),
	(400, 52, 15),
	(401, 52, 16),
	(402, 52, 17),
	(403, 53, 220),
	(404, 53, 2),
	(405, 53, 3),
	(406, 53, 221),
	(407, 53, 222),
	(408, 53, 63),
	(409, 53, 64),
	(415, 55, 228),
	(416, 55, 2),
	(417, 55, 3),
	(418, 55, 229),
	(419, 55, 230),
	(420, 55, 52),
	(421, 55, 53),
	(422, 55, 231),
	(423, 55, 232),
	(424, 55, 15),
	(425, 55, 16),
	(426, 55, 17),
	(427, 57, 233),
	(428, 57, 2),
	(429, 57, 3),
	(430, 57, 234),
	(431, 57, 235),
	(432, 57, 236),
	(433, 57, 237),
	(434, 57, 238),
	(435, 57, 239),
	(436, 57, 15),
	(437, 57, 16),
	(438, 57, 17),
	(444, 59, 240),
	(445, 59, 2),
	(446, 59, 3),
	(447, 59, 241),
	(448, 59, 242),
	(449, 59, 89),
	(450, 59, 90),
	(451, 59, 243),
	(452, 59, 244),
	(453, 59, 15),
	(454, 59, 16),
	(455, 59, 17),
	(456, 60, 245),
	(457, 60, 2),
	(458, 60, 3),
	(459, 60, 246),
	(460, 60, 247),
	(461, 60, 188),
	(462, 60, 189),
	(463, 61, 248),
	(464, 61, 2),
	(465, 61, 3),
	(466, 61, 246),
	(467, 61, 249),
	(468, 61, 84),
	(469, 61, 85),
	(470, 61, 250),
	(471, 61, 251),
	(472, 61, 15),
	(473, 61, 16),
	(474, 61, 17),
	(475, 62, 252),
	(476, 62, 253),
	(477, 62, 3),
	(478, 62, 246),
	(479, 62, 254),
	(480, 62, 105),
	(481, 62, 106),
	(482, 63, 255),
	(483, 63, 2),
	(484, 63, 3),
	(485, 63, 246),
	(486, 63, 249),
	(487, 63, 63),
	(488, 63, 64),
	(489, 64, 256),
	(490, 64, 2),
	(491, 64, 3),
	(492, 64, 246),
	(493, 64, 257),
	(494, 64, 22),
	(495, 64, 23),
	(496, 65, 258),
	(497, 65, 2),
	(498, 65, 3),
	(499, 65, 246),
	(500, 65, 257),
	(501, 65, 84),
	(502, 65, 85),
	(503, 65, 259),
	(504, 65, 260),
	(505, 65, 15),
	(506, 65, 16),
	(507, 65, 17),
	(520, 68, 261),
	(521, 68, 2),
	(522, 68, 3),
	(523, 68, 262),
	(524, 68, 263),
	(525, 68, 236),
	(526, 68, 237),
	(527, 69, 264),
	(528, 69, 2),
	(529, 69, 3),
	(530, 69, 265),
	(531, 69, 266),
	(532, 69, 52),
	(533, 69, 53),
	(534, 69, 267),
	(535, 69, 268),
	(536, 69, 15),
	(537, 69, 16),
	(538, 69, 17),
	(546, 71, 270),
	(547, 71, 2),
	(548, 71, 3),
	(549, 71, 271),
	(550, 71, 272),
	(551, 71, 216),
	(552, 71, 217),
	(553, 71, 273),
	(554, 71, 274),
	(555, 71, 15),
	(556, 71, 16),
	(557, 71, 17),
	(570, 73, 270),
	(571, 73, 2),
	(572, 73, 3),
	(573, 73, 271),
	(574, 73, 272),
	(575, 73, 216),
	(576, 73, 217),
	(577, 73, 273),
	(578, 73, 274),
	(579, 73, 15),
	(580, 73, 16),
	(581, 73, 17),
	(582, 74, 275),
	(583, 74, 276),
	(584, 74, 3),
	(585, 74, 277),
	(586, 74, 278),
	(587, 74, 44),
	(588, 74, 45),
	(589, 77, 279),
	(590, 77, 2),
	(591, 77, 3),
	(592, 77, 280),
	(593, 77, 281),
	(594, 77, 37),
	(595, 77, 38),
	(596, 77, 282),
	(597, 77, 283),
	(598, 77, 15),
	(599, 77, 16),
	(600, 77, 17),
	(601, 78, 284),
	(602, 78, 285),
	(603, 78, 3),
	(604, 78, 280),
	(605, 78, 286),
	(606, 78, 22),
	(607, 78, 23),
	(608, 79, 287),
	(609, 79, 288),
	(610, 79, 3),
	(611, 79, 280),
	(612, 79, 289),
	(613, 79, 188),
	(614, 79, 189),
	(615, 79, 290),
	(616, 79, 291),
	(617, 79, 15),
	(618, 79, 16),
	(619, 79, 17),
	(620, 80, 292),
	(621, 80, 2),
	(622, 80, 3),
	(623, 80, 280),
	(624, 80, 281),
	(625, 80, 68),
	(626, 80, 69),
	(627, 81, 293),
	(628, 81, 294),
	(629, 81, 3),
	(630, 81, 280),
	(631, 81, 295),
	(632, 81, 236),
	(633, 81, 237),
	(634, 81, 296),
	(635, 81, 297),
	(636, 81, 15),
	(637, 81, 16),
	(638, 81, 17),
	(639, 82, 298),
	(640, 82, 299),
	(641, 82, 3),
	(642, 82, 280),
	(643, 82, 300),
	(644, 82, 44),
	(645, 82, 45),
	(646, 82, 301),
	(647, 82, 302),
	(648, 82, 15),
	(649, 82, 16),
	(650, 82, 17),
	(651, 83, 303),
	(652, 83, 304),
	(653, 83, 3),
	(654, 83, 305),
	(655, 83, 306),
	(656, 83, 44),
	(657, 83, 45),
	(658, 84, 307),
	(659, 84, 2),
	(660, 84, 3),
	(661, 84, 308),
	(662, 84, 309),
	(663, 84, 310),
	(664, 84, 311),
	(665, 86, 312),
	(666, 86, 2),
	(667, 86, 3),
	(668, 86, 313),
	(669, 86, 314),
	(670, 86, 137),
	(671, 86, 138),
	(672, 87, 315),
	(673, 87, 2),
	(674, 87, 3),
	(675, 87, 316),
	(676, 87, 317),
	(677, 87, 84),
	(678, 87, 85),
	(679, 88, 318),
	(680, 88, 2),
	(681, 88, 3),
	(682, 88, 319),
	(683, 88, 320),
	(684, 88, 68),
	(685, 88, 69),
	(693, 90, 321),
	(694, 90, 2),
	(695, 90, 3),
	(696, 90, 322),
	(697, 90, 323),
	(698, 90, 44),
	(699, 90, 45),
	(700, 91, 324),
	(701, 91, 2),
	(702, 91, 3),
	(703, 91, 325),
	(704, 91, 326),
	(705, 91, 310),
	(706, 91, 311),
	(707, 91, 327),
	(708, 91, 328),
	(709, 91, 15),
	(710, 91, 16),
	(711, 91, 17),
	(712, 92, 329),
	(713, 92, 330),
	(714, 92, 3),
	(715, 92, 325),
	(716, 92, 331),
	(717, 92, 137),
	(718, 92, 138),
	(719, 92, 332),
	(720, 92, 333),
	(721, 92, 15),
	(722, 92, 16),
	(723, 92, 17),
	(724, 93, 334),
	(725, 93, 2),
	(726, 93, 3),
	(727, 93, 325),
	(728, 93, 331),
	(729, 93, 84),
	(730, 93, 85),
	(731, 95, 335),
	(732, 95, 2),
	(733, 95, 3),
	(734, 95, 336),
	(735, 95, 337),
	(736, 95, 97),
	(737, 95, 98),
	(738, 96, 329),
	(739, 96, 330),
	(740, 96, 3),
	(741, 96, 338),
	(742, 96, 339),
	(743, 96, 137),
	(744, 96, 138),
	(745, 96, 332),
	(746, 96, 333),
	(747, 96, 15),
	(748, 96, 16),
	(749, 96, 17),
	(750, 97, 340),
	(751, 97, 2),
	(752, 97, 3),
	(753, 97, 325),
	(754, 97, 341),
	(755, 97, 68),
	(756, 97, 69),
	(757, 97, 342),
	(758, 97, 343),
	(759, 97, 15),
	(760, 97, 16),
	(761, 97, 17),
	(762, 98, 344),
	(763, 98, 2),
	(764, 98, 3),
	(765, 98, 345),
	(766, 98, 346),
	(767, 98, 44),
	(768, 98, 45),
	(769, 98, 347),
	(770, 98, 348),
	(771, 98, 15),
	(772, 98, 16),
	(773, 98, 17),
	(774, 99, 349),
	(775, 99, 350),
	(776, 99, 3),
	(777, 99, 345),
	(778, 99, 346),
	(779, 99, 97),
	(780, 99, 98),
	(781, 99, 351),
	(782, 99, 352),
	(783, 99, 15),
	(784, 99, 16),
	(785, 99, 17),
	(786, 100, 353),
	(787, 100, 2),
	(788, 100, 3),
	(789, 100, 354),
	(790, 100, 355),
	(791, 100, 137),
	(792, 100, 138),
	(793, 101, 356),
	(794, 101, 2),
	(795, 101, 3),
	(796, 101, 357),
	(797, 101, 358),
	(798, 101, 84),
	(799, 101, 85),
	(800, 102, 359),
	(801, 102, 2),
	(802, 102, 3),
	(803, 102, 345),
	(804, 102, 360),
	(805, 102, 11),
	(806, 102, 12),
	(807, 102, 361),
	(808, 102, 362),
	(809, 102, 15),
	(810, 102, 16),
	(811, 102, 17),
	(812, 103, 363),
	(813, 103, 2),
	(814, 103, 3),
	(815, 103, 345),
	(816, 103, 364),
	(817, 103, 310),
	(818, 103, 311),
	(819, 104, 365),
	(820, 104, 2),
	(821, 104, 3),
	(822, 104, 345),
	(823, 104, 366),
	(824, 104, 30),
	(825, 104, 31),
	(826, 104, 367),
	(827, 104, 368),
	(828, 104, 15),
	(829, 104, 16),
	(830, 104, 17),
	(831, 105, 369),
	(832, 105, 2),
	(833, 105, 3),
	(834, 105, 370),
	(835, 105, 371),
	(836, 105, 44),
	(837, 105, 45),
	(838, 106, 372),
	(839, 106, 2),
	(840, 106, 3),
	(841, 106, 373),
	(842, 106, 374),
	(843, 106, 216),
	(844, 106, 217),
	(845, 106, 375),
	(846, 106, 376),
	(847, 106, 15),
	(848, 106, 16),
	(849, 106, 17);
/*!40000 ALTER TABLE `meta_artikel` ENABLE KEYS */;

-- Dumpen data van tabel decorrespondent.tweets: ~0 rows (ongeveer)
/*!40000 ALTER TABLE `tweets` DISABLE KEYS */;
INSERT INTO `tweets` (`ID`, `art_id`, `tweet_id`) VALUES
	(1, 25, '3,8871818480912E+17'),
	(2, 106, '3,8871747382387E+17'),
	(3, 96, '3,8871509227708E+17'),
	(4, 93, '3,8871115216088E+17'),
	(5, 99, '3,887067625701E+17'),
	(6, 99, '3,8870661703192E+17'),
	(7, 99, '3,8870447247171E+17'),
	(8, 91, '3,887018769693E+17'),
	(9, 106, '3,8870160381105E+17'),
	(10, 103, '3,8869236500046E+17'),
	(11, 99, '3,8868929775627E+17'),
	(12, 102, '3,8868849049955E+17'),
	(13, 98, '3,886803643585E+17'),
	(14, 99, '3,8868032103554E+17'),
	(15, 99, '3,8867555752675E+17'),
	(16, 99, '3,8867474431451E+17'),
	(17, 98, '3,8867291489333E+17'),
	(18, 93, '3,886690387986E+17'),
	(19, 98, '3,8866202927736E+17'),
	(20, 98, '3,8866041616939E+17'),
	(21, 98, '3,8865918978009E+17'),
	(22, 93, '3,8865803093124E+17'),
	(23, 99, '3,886579248531E+17'),
	(24, 91, '3,8865390544777E+17'),
	(25, 93, '3,8865080126396E+17'),
	(26, 102, '3,8864656808715E+17'),
	(27, 91, '3,8864433266152E+17'),
	(28, 96, '3,8864206885725E+17'),
	(29, 99, '3,8864152555225E+17'),
	(30, 98, '3,8864096339388E+17'),
	(31, 93, '3,8864046924657E+17'),
	(32, 102, '3,8864005585597E+17'),
	(33, 99, '3,8863967335641E+17'),
	(34, 99, '3,8863906719519E+17'),
	(35, 99, '3,8863785583866E+17'),
	(36, 98, '3,8863657689049E+17'),
	(37, 99, '3,886354245009E+17'),
	(38, 93, '3,8863426913411E+17'),
	(39, 93, '3,8863155391367E+17'),
	(40, 98, '3,886314482923E+17'),
	(41, 93, '3,8863064745286E+17'),
	(42, 88, '3,8862957142973E+17'),
	(43, 98, '3,8862931340454E+17'),
	(44, 98, '3,8862766772285E+17'),
	(45, 91, '3,8862607423965E+17'),
	(46, 98, '3,8862583442231E+17'),
	(47, 99, '3,8862222839423E+17'),
	(48, 83, '3,8862195273198E+17'),
	(49, 98, '3,8861967008729E+17'),
	(50, 98, '3,8861962725923E+17'),
	(51, 79, '3,8861895548235E+17'),
	(52, 98, '3,8861692748225E+17'),
	(53, 59, '3,8861677570715E+17'),
	(54, 59, '3,8861671537627E+17'),
	(55, 59, '3,8861543074486E+17'),
	(56, 98, '3,8861309593101E+17'),
	(57, 98, '3,8861258022414E+17'),
	(58, 98, '3,8861226888515E+17'),
	(59, 98, '3,8861183377264E+17'),
	(60, 98, '3,8861164171128E+17'),
	(61, 59, '3,8861074522035E+17'),
	(62, 103, '3,8861062148001E+17'),
	(63, 98, '3,8861012424525E+17'),
	(64, 98, '3,8860711583038E+17'),
	(65, 99, '3,8860660188553E+17'),
	(66, 91, '3,8860638377791E+17'),
	(67, 78, '3,8860595687327E+17'),
	(68, 91, '3,8860485741996E+17'),
	(69, 91, '3,8860483293821E+17'),
	(70, 91, '3,886037731085E+17'),
	(71, 99, '3,8860277504452E+17'),
	(72, 91, '3,8860255414728E+17'),
	(73, 91, '3,8859981529194E+17'),
	(74, 93, '3,885997763608E+17'),
	(75, 98, '3,8872304140172E+17');
/*!40000 ALTER TABLE `tweets` ENABLE KEYS */;
/*!40101 SET SQL_MODE=IFNULL(@OLD_SQL_MODE, '') */;
/*!40014 SET FOREIGN_KEY_CHECKS=IF(@OLD_FOREIGN_KEY_CHECKS IS NULL, 1, @OLD_FOREIGN_KEY_CHECKS) */;
/*!40101 SET CHARACTER_SET_CLIENT=@OLD_CHARACTER_SET_CLIENT */;
