-- --------------------------------------------------------
-- Host:                         192.168.200.8
-- Server versie:                5.5.34-log - MySQL Community Server (GPL) by Remi
-- Server OS:                    Linux
-- HeidiSQL Versie:              8.0.0.4396
-- --------------------------------------------------------

/*!40101 SET @OLD_CHARACTER_SET_CLIENT=@@CHARACTER_SET_CLIENT */;
/*!40101 SET NAMES utf8 */;
/*!40014 SET @OLD_FOREIGN_KEY_CHECKS=@@FOREIGN_KEY_CHECKS, FOREIGN_KEY_CHECKS=0 */;
/*!40101 SET @OLD_SQL_MODE=@@SQL_MODE, SQL_MODE='NO_AUTO_VALUE_ON_ZERO' */;
-- Dumpen data van tabel decorrespondent.app_keys: 1 rows
/*!40000 ALTER TABLE `app_keys` DISABLE KEYS */;
INSERT INTO `app_keys` (`ID`, `app_key`, `app_value`) VALUES
	(1, 'since', '3.8675517824829E+17');
/*!40000 ALTER TABLE `app_keys` ENABLE KEYS */;

-- Dumpen data van tabel decorrespondent.artikelen: 34 rows
/*!40000 ALTER TABLE `artikelen` DISABLE KEYS */;
INSERT INTO `artikelen` (`ID`, `clean_url`, `t_co`, `share_url`, `created_at`, `og`) VALUES
	(7, 'https://decorrespondent.nl/104/hoe-nederland-grootmacht-in-schaduwbankieren-werd', 'https://t.co/pzHpxHSVqU', 'https://decorrespondent.nl/104/hoe-nederland-grootmacht-in-schaduwbankieren-werd/8796216-a413da19', '2013-10-03 19:21:21', 'a:10:{s:3:"url";s:97:"https://decorrespondent.nl/104/hoe-nederland-grootmacht-in-schaduwbankieren-werd/8796216-a413da19";s:6:"locale";s:5:"nl_NL";s:5:"title";s:49:"Hoe Nederland grootmacht in schaduwbankieren werd";s:11:"description";s:0:"";s:9:"site_name";s:16:"De Correspondent";s:4:"type";s:7:"article";s:22:"article:published_time";s:10:"1380884653";s:21:"article:modified_time";s:10:"1380884653";s:14:"article:author";s:13:"Ewald Engelen";s:15:"article:section";s:38:"Financiële Sector &amp; Schaduwelites";}'),
	(6, 'https://decorrespondent.nl/56/beter-dan-the-bridge', 'https://t.co/tXLl8WPvI7', 'https://decorrespondent.nl/56/beter-dan-the-bridge/846384616-387392ed', '2013-10-03 19:22:29', 'a:15:{s:3:"url";s:69:"https://decorrespondent.nl/56/beter-dan-the-bridge/846384616-387392ed";s:6:"locale";s:5:"nl_NL";s:5:"title";s:20:"Beter dan The Bridge";s:11:"description";s:0:"";s:9:"site_name";s:16:"De Correspondent";s:4:"type";s:7:"article";s:22:"article:published_time";s:10:"1380789410";s:21:"article:modified_time";s:10:"1380789410";s:14:"article:author";s:10:"Nina Polak";s:15:"article:section";s:40:"Televisie, Games, Films &amp; Literatuur";s:5:"image";s:86:"https://dynamic.decorrespondent.nl/ff-1380483590/media/660/524882068fb9a1.07197642.jpg";s:16:"image:secure_url";s:86:"https://dynamic.decorrespondent.nl/ff-1380483590/media/660/524882068fb9a1.07197642.jpg";s:10:"image:type";s:10:"image/jpeg";s:11:"image:width";s:3:"660";s:12:"image:height";s:3:"330";}'),
	(5, 'https://decorrespondent.nl/3/de-oplossing-voor-bijna-alles-minder-werken', 'https://t.co/8OS3zySG7O', 'https://decorrespondent.nl/3/de-oplossing-voor-bijna-alles-minder-werken/115181220-896d58c0', '2013-10-03 19:21:34', 'a:15:{s:3:"url";s:91:"https://decorrespondent.nl/3/de-oplossing-voor-bijna-alles-minder-werken/115181220-896d58c0";s:6:"locale";s:5:"nl_NL";s:5:"title";s:46:"De oplossing voor (bijna) alles: minder werken";s:11:"description";s:141:"Zou jij een deel van je koopkracht willen inleveren voor meer vrije tijd? Zo ja, onder welke voorwaarden? Ik ben benieuwd naar jullie mening.";s:9:"site_name";s:16:"De Correspondent";s:4:"type";s:7:"article";s:22:"article:published_time";s:10:"1380889742";s:21:"article:modified_time";s:10:"1380889742";s:14:"article:author";s:14:"Rutger Bregman";s:15:"article:section";s:11:"Vooruitgang";s:5:"image";s:86:"https://dynamic.decorrespondent.nl/ff-1380486684/media/660/52488481872683.51580291.jpg";s:16:"image:secure_url";s:86:"https://dynamic.decorrespondent.nl/ff-1380486684/media/660/52488481872683.51580291.jpg";s:10:"image:type";s:10:"image/jpeg";s:11:"image:width";s:3:"660";s:12:"image:height";s:3:"330";}'),
	(8, 'https://decorrespondent.nl/45/het-participatiegezin-is-de-toekomst', 'https://t.co/IgnAPDAVKE', 'https://decorrespondent.nl/45/het-participatiegezin-is-de-toekomst/2436567210-ef7accc9', '2013-10-03 19:25:15', 'a:15:{s:3:"url";s:86:"https://decorrespondent.nl/45/het-participatiegezin-is-de-toekomst/2436567210-ef7accc9";s:6:"locale";s:5:"nl_NL";s:5:"title";s:36:"Het participatiegezin is de toekomst";s:11:"description";s:98:"Ken of ben je iemand die onderdeel uitmaakt van een participatiegezin? Ik hoor er graag meer over!";s:9:"site_name";s:16:"De Correspondent";s:4:"type";s:7:"article";s:22:"article:published_time";s:10:"1380536892";s:21:"article:modified_time";s:10:"1380536892";s:14:"article:author";s:14:"Daan Windhorst";s:15:"article:section";s:6:"Satire";s:5:"image";s:86:"https://dynamic.decorrespondent.nl/ff-1380466537/media/660/5246c25ab09680.81152907.jpg";s:16:"image:secure_url";s:86:"https://dynamic.decorrespondent.nl/ff-1380466537/media/660/5246c25ab09680.81152907.jpg";s:10:"image:type";s:10:"image/jpeg";s:11:"image:width";s:3:"660";s:12:"image:height";s:3:"330";}'),
	(9, 'https://decorrespondent.nl/21/persbericht-van-al-shabaab', 'https://t.co/KjB8ONGdyZ', 'https://decorrespondent.nl/21/persbericht-van-al-shabaab/664121997-8613f698', '2013-10-03 19:20:08', 'a:15:{s:3:"url";s:75:"https://decorrespondent.nl/21/persbericht-van-al-shabaab/664121997-8613f698";s:6:"locale";s:5:"nl_NL";s:5:"title";s:26:"Persbericht van Al-Shabaab";s:11:"description";s:0:"";s:9:"site_name";s:16:"De Correspondent";s:4:"type";s:7:"article";s:22:"article:published_time";s:10:"1380702505";s:21:"article:modified_time";s:10:"1380702505";s:14:"article:author";s:12:"Rob Wijnberg";s:15:"article:section";s:31:"Media, Politiek &amp; Filosofie";s:5:"image";s:86:"https://dynamic.decorrespondent.nl/ff-1380641283/media/660/524aea03e8bbc2.72166706.jpg";s:16:"image:secure_url";s:86:"https://dynamic.decorrespondent.nl/ff-1380641283/media/660/524aea03e8bbc2.72166706.jpg";s:10:"image:type";s:10:"image/jpeg";s:11:"image:width";s:3:"660";s:12:"image:height";s:3:"330";}'),
	(10, 'https://decorrespondent.nl/8/niemand-weet-wie-onze-staatsschuld-bezit', 'https://t.co/MXU8mxyfWD', 'https://decorrespondent.nl/8/niemand-weet-wie-onze-staatsschuld-bezit/27372840-abb4aed9', '2013-10-03 19:21:01', 'a:15:{s:3:"url";s:87:"https://decorrespondent.nl/8/niemand-weet-wie-onze-staatsschuld-bezit/27372840-abb4aed9";s:6:"locale";s:5:"nl_NL";s:5:"title";s:40:"Niemand weet wie onze staatsschuld bezit";s:11:"description";s:0:"";s:9:"site_name";s:16:"De Correspondent";s:4:"type";s:7:"article";s:22:"article:published_time";s:10:"1380721779";s:21:"article:modified_time";s:10:"1380721779";s:14:"article:author";s:17:"Dimitri Tokmetzis";s:15:"article:section";s:24:"Data &amp; Transparantie";s:5:"image";s:86:"https://dynamic.decorrespondent.nl/ff-1380664110/media/660/524ae31a7ebe77.71571107.jpg";s:16:"image:secure_url";s:86:"https://dynamic.decorrespondent.nl/ff-1380664110/media/660/524ae31a7ebe77.71571107.jpg";s:10:"image:type";s:10:"image/jpeg";s:11:"image:width";s:3:"660";s:12:"image:height";s:3:"330";}'),
	(11, 'https://decorrespondent.nl/19/politiek-en-popcorn', 'https://t.co/6YUpLPJ83C', 'https://decorrespondent.nl/19/politiek-en-popcorn/613143927-46f60b4b', '2013-10-03 19:22:54', 'a:15:{s:3:"url";s:68:"https://decorrespondent.nl/19/politiek-en-popcorn/613143927-46f60b4b";s:6:"locale";s:5:"nl_NL";s:5:"title";s:19:"Politiek en popcorn";s:11:"description";s:122:"Voel jij je betrokken bij de politiek? Zie jij wel wat terug van de visie van politici? Ik zou daar graag meer over horen.";s:9:"site_name";s:16:"De Correspondent";s:4:"type";s:7:"article";s:22:"article:published_time";s:10:"1380794616";s:21:"article:modified_time";s:10:"1380794616";s:14:"article:author";s:16:"Ernst-Jan Pfauth";s:15:"article:section";s:37:"Nieuwe journalistiek &amp; Literatuur";s:5:"image";s:86:"https://dynamic.decorrespondent.nl/ff-1380653342/media/660/524b191eb24655.84347623.jpg";s:16:"image:secure_url";s:86:"https://dynamic.decorrespondent.nl/ff-1380653342/media/660/524b191eb24655.84347623.jpg";s:10:"image:type";s:10:"image/jpeg";s:11:"image:width";s:3:"660";s:12:"image:height";s:3:"330";}'),
	(12, 'https://decorrespondent.nl/18/de-wereld-vergaat-maar-mensen-blijven-hun-best-doen', 'https://t.co/UzGX9BRFNM', 'https://decorrespondent.nl/18/de-wereld-vergaat-maar-mensen-blijven-hun-best-doen/1107216-2f4abf48', '2013-10-03 19:21:45', 'a:10:{s:3:"url";s:98:"https://decorrespondent.nl/18/de-wereld-vergaat-maar-mensen-blijven-hun-best-doen/1107216-2f4abf48";s:6:"locale";s:5:"nl_NL";s:5:"title";s:51:"De wereld vergaat maar mensen blijven hun best doen";s:11:"description";s:0:"";s:9:"site_name";s:16:"De Correspondent";s:4:"type";s:7:"article";s:22:"article:published_time";s:10:"1380529208";s:21:"article:modified_time";s:10:"1380529208";s:14:"article:author";s:16:"Ernst-Jan Pfauth";s:15:"article:section";s:37:"Nieuwe journalistiek &amp; Literatuur";}'),
	(13, 'https://decorrespondent.nl/90/de-barmhartige-donor', 'https://t.co/fliG6ix8zb', 'https://decorrespondent.nl/90/de-barmhartige-donor/603894060-cf52bf1e', '2013-10-03 19:20:36', 'a:10:{s:3:"url";s:69:"https://decorrespondent.nl/90/de-barmhartige-donor/603894060-cf52bf1e";s:6:"locale";s:5:"nl_NL";s:5:"title";s:20:"De barmhartige donor";s:11:"description";s:234:"Voor het verhaal over Samaritaanse donatie ben ik op zoek naar mensen die bij leven een orgaan afstaan aan een vreemde. Ken of ben jij zo iemand? Of kun je anderszins bijdragen aan dit verhaal? Laat het me hieronder of per mail weten.";s:9:"site_name";s:16:"De Correspondent";s:4:"type";s:7:"article";s:22:"article:published_time";s:10:"1380549979";s:21:"article:modified_time";s:10:"1380549979";s:14:"article:author";s:11:"Vera Mulder";s:15:"article:section";s:34:"Maatschappij, Gedrag &amp; Groepen";}'),
	(14, 'https://decorrespondent.nl/32/wat-is-de-creatieve-industrie', 'https://t.co/m2IgiG23dr', 'https://decorrespondent.nl/32/wat-is-de-creatieve-industrie/1657133280-238c629d', '2013-10-03 19:21:28', 'a:10:{s:3:"url";s:79:"https://decorrespondent.nl/32/wat-is-de-creatieve-industrie/1657133280-238c629d";s:6:"locale";s:5:"nl_NL";s:5:"title";s:30:"Wat is de creatieve industrie?";s:11:"description";s:2:"  ";s:9:"site_name";s:16:"De Correspondent";s:4:"type";s:7:"article";s:22:"article:published_time";s:10:"1380874403";s:21:"article:modified_time";s:10:"1380874403";s:14:"article:author";s:11:"Lynn Berger";s:15:"article:section";s:35:"Technologie, Cultuur &amp; Clichés";}'),
	(15, 'https://decorrespondent.nl/63/met-papa-en-mama-in-de-daklozenopvang', 'https://t.co/yNiBPWSFXP', 'https://decorrespondent.nl/63/met-papa-en-mama-in-de-daklozenopvang/1626477237-bfa25c96', '2013-10-03 19:20:17', 'a:15:{s:3:"url";s:87:"https://decorrespondent.nl/63/met-papa-en-mama-in-de-daklozenopvang/1626477237-bfa25c96";s:6:"locale";s:5:"nl_NL";s:5:"title";s:37:"Met papa en mama in de daklozenopvang";s:11:"description";s:0:"";s:9:"site_name";s:16:"De Correspondent";s:4:"type";s:7:"article";s:22:"article:published_time";s:10:"1380632222";s:21:"article:modified_time";s:10:"1380632222";s:14:"article:author";s:11:"Vera Mulder";s:15:"article:section";s:34:"Maatschappij, Gedrag &amp; Groepen";s:5:"image";s:86:"https://dynamic.decorrespondent.nl/ff-1380484462/media/660/5248856e79ebd4.52047155.jpg";s:16:"image:secure_url";s:86:"https://dynamic.decorrespondent.nl/ff-1380484462/media/660/5248856e79ebd4.52047155.jpg";s:10:"image:type";s:10:"image/jpeg";s:11:"image:width";s:3:"660";s:12:"image:height";s:3:"330";}'),
	(16, 'https://decorrespondent.nl/89/speuren-naar-verhalen-in-de-databerg', 'https://t.co/Ig0pRhsvBd', 'https://decorrespondent.nl/89/speuren-naar-verhalen-in-de-databerg/557037294-78ac37b5', '2013-10-03 19:21:07', 'a:15:{s:3:"url";s:85:"https://decorrespondent.nl/89/speuren-naar-verhalen-in-de-databerg/557037294-78ac37b5";s:6:"locale";s:5:"nl_NL";s:5:"title";s:36:"Speuren naar verhalen in de databerg";s:11:"description";s:0:"";s:9:"site_name";s:16:"De Correspondent";s:4:"type";s:7:"article";s:22:"article:published_time";s:10:"1380488542";s:21:"article:modified_time";s:10:"1380488542";s:14:"article:author";s:17:"Dimitri Tokmetzis";s:15:"article:section";s:24:"Data &amp; Transparantie";s:5:"image";s:86:"https://dynamic.decorrespondent.nl/ff-1380526693/media/660/52489558ba2a51.00529821.jpg";s:16:"image:secure_url";s:86:"https://dynamic.decorrespondent.nl/ff-1380526693/media/660/52489558ba2a51.00529821.jpg";s:10:"image:type";s:10:"image/jpeg";s:11:"image:width";s:3:"660";s:12:"image:height";s:3:"330";}'),
	(17, 'https://decorrespondent.nl/81/silicon-savannah-de-onzichtbare-innovatie-in-afrika', 'https://t.co/X2OEEyEpPJ', 'https://decorrespondent.nl/81/silicon-savannah-de-onzichtbare-innovatie-in-afrika/26988390-56165b63', '2013-10-03 19:22:58', 'a:10:{s:3:"url";s:99:"https://decorrespondent.nl/81/silicon-savannah-de-onzichtbare-innovatie-in-afrika/26988390-56165b63";s:6:"locale";s:5:"nl_NL";s:5:"title";s:53:"Silicon Savannah - de onzichtbare innovatie in Afrika";s:11:"description";s:123:"Zijn er nog vragen over de ict-sector in Afrika die jullie specifiek beantwoord willen zien? Laat het me dan vooral weten. ";s:9:"site_name";s:16:"De Correspondent";s:4:"type";s:7:"article";s:22:"article:published_time";s:10:"1380707659";s:21:"article:modified_time";s:10:"1380707659";s:14:"article:author";s:15:"Maite Vermeulen";s:15:"article:section";s:27:"Conflict &amp; Ontwikkeling";}'),
	(18, 'https://decorrespondent.nl/102/breivik-gaat-studeren', 'https://t.co/LvKZvv4FTw', 'https://decorrespondent.nl/102/breivik-gaat-studeren/1100080608-a58ab1de', '2013-10-03 19:23:48', 'a:15:{s:3:"url";s:72:"https://decorrespondent.nl/102/breivik-gaat-studeren/1100080608-a58ab1de";s:6:"locale";s:5:"nl_NL";s:5:"title";s:21:"Breivik gaat studeren";s:11:"description";s:0:"";s:9:"site_name";s:16:"De Correspondent";s:4:"type";s:7:"article";s:22:"article:published_time";s:10:"1380614467";s:21:"article:modified_time";s:10:"1380614467";s:14:"article:author";s:13:"Femke Halsema";s:15:"article:section";s:37:"Criminaliteit &amp; Populaire cultuur";s:5:"image";s:86:"https://dynamic.decorrespondent.nl/ff-1380572980/media/660/5249df34a77a75.78082711.jpg";s:16:"image:secure_url";s:86:"https://dynamic.decorrespondent.nl/ff-1380572980/media/660/5249df34a77a75.78082711.jpg";s:10:"image:type";s:10:"image/jpeg";s:11:"image:width";s:3:"660";s:12:"image:height";s:3:"330";}'),
	(24, 'https://decorrespondent.nl/118/europa-gelooft-steeds-minder-in-democratie', 'https://t.co/QBSYITT8Bx', 'https://decorrespondent.nl/118/europa-gelooft-steeds-minder-in-democratie/4898221064-0b0ce069', '2013-10-04 11:36:16', 'a:15:{s:3:"url";s:93:"https://decorrespondent.nl/118/europa-gelooft-steeds-minder-in-democratie/4898221064-0b0ce069";s:6:"locale";s:5:"nl_NL";s:5:"title";s:42:"Europa gelooft steeds minder in democratie";s:11:"description";s:113:"Mijn vraag van vandaag: hoe komt het dat die neergang van vertrouwen in de democratie niet tot meer onrust leidt?";s:9:"site_name";s:16:"De Correspondent";s:4:"type";s:7:"article";s:22:"article:published_time";s:10:"1380878028";s:21:"article:modified_time";s:10:"1380878028";s:14:"article:author";s:19:"David Van Reybrouck";s:15:"article:section";s:45:"Democratie, Cartografie &amp; Conflictanalyse";s:5:"image";s:86:"https://dynamic.decorrespondent.nl/ff-1380820966/media/660/524da7e6b30ce4.97874757.jpg";s:16:"image:secure_url";s:86:"https://dynamic.decorrespondent.nl/ff-1380820966/media/660/524da7e6b30ce4.97874757.jpg";s:10:"image:type";s:10:"image/jpeg";s:11:"image:width";s:3:"660";s:12:"image:height";s:3:"330";}'),
	(25, 'https://decorrespondent.nl/40/de-terugkeer-van-de-muur', 'https://t.co/zBTSGCPFnE', 'https://decorrespondent.nl/40/de-terugkeer-van-de-muur/1025200-f48ff510', '2013-10-04 11:36:16', 'a:15:{s:3:"url";s:71:"https://decorrespondent.nl/40/de-terugkeer-van-de-muur/1025200-f48ff510";s:6:"locale";s:5:"nl_NL";s:5:"title";s:24:"De terugkeer van de Muur";s:11:"description";s:224:"Ik zie in de explosie van het aantal grensmuren in de wereld sterke aanwijzingen voor mondiale Apartheid.  Maar hoe kijken jullie daar tegen aan? Zien jullie andere aanwijzingen? Of juist tekenen die de stelling ontkrachten?";s:9:"site_name";s:16:"De Correspondent";s:4:"type";s:7:"article";s:22:"article:published_time";s:10:"1380557548";s:21:"article:modified_time";s:10:"1380557548";s:14:"article:author";s:15:"Dick Wittenberg";s:15:"article:section";s:41:"Ongelijkheid, Globalisering &amp; Armoede";s:5:"image";s:86:"https://dynamic.decorrespondent.nl/ff-1380481813/media/660/52487b15e51cd8.92763008.jpg";s:16:"image:secure_url";s:86:"https://dynamic.decorrespondent.nl/ff-1380481813/media/660/52487b15e51cd8.92763008.jpg";s:10:"image:type";s:10:"image/jpeg";s:11:"image:width";s:3:"660";s:12:"image:height";s:3:"330";}'),
	(26, 'https://decorrespondent.nl/53/hollands-next-marsbewoner', 'https://t.co/OGc5xfMd0q', 'https://decorrespondent.nl/53/hollands-next-marsbewoner/1428754602-e3f80aa7', '2013-10-04 11:36:16', 'a:15:{s:3:"url";s:75:"https://decorrespondent.nl/53/hollands-next-marsbewoner/1428754602-e3f80aa7";s:6:"locale";s:5:"nl_NL";s:5:"title";s:31:"Holland&#039;s Next Marsbewoner";s:11:"description";s:0:"";s:9:"site_name";s:16:"De Correspondent";s:4:"type";s:7:"article";s:22:"article:published_time";s:10:"1380873028";s:21:"article:modified_time";s:10:"1380900860";s:14:"article:author";s:18:"Joris van Casteren";s:15:"article:section";s:36:"Buitengewoon &amp; Buitenaards leven";s:5:"image";s:86:"https://dynamic.decorrespondent.nl/ff-1380820493/media/660/524c1450596880.94169572.jpg";s:16:"image:secure_url";s:86:"https://dynamic.decorrespondent.nl/ff-1380820493/media/660/524c1450596880.94169572.jpg";s:10:"image:type";s:10:"image/jpeg";s:11:"image:width";s:3:"660";s:12:"image:height";s:3:"330";}'),
	(27, 'https://decorrespondent.nl/34/draagbare-heimat', 'https://t.co/DwBI6AfpIU', 'https://decorrespondent.nl/34/draagbare-heimat/1593740038-2510e15f', '2013-10-04 11:36:16', 'a:15:{s:3:"url";s:66:"https://decorrespondent.nl/34/draagbare-heimat/1593740038-2510e15f";s:6:"locale";s:5:"nl_NL";s:5:"title";s:16:"Draagbare Heimat";s:11:"description";s:0:"";s:9:"site_name";s:16:"De Correspondent";s:4:"type";s:7:"article";s:22:"article:published_time";s:10:"1380628692";s:21:"article:modified_time";s:10:"1380628692";s:14:"article:author";s:14:"Arnon Grunberg";s:15:"article:section";s:9:"Hotelmens";s:5:"image";s:86:"https://dynamic.decorrespondent.nl/ff-1380483100/media/660/5248801cb58118.27467968.jpg";s:16:"image:secure_url";s:86:"https://dynamic.decorrespondent.nl/ff-1380483100/media/660/5248801cb58118.27467968.jpg";s:10:"image:type";s:10:"image/jpeg";s:11:"image:width";s:3:"660";s:12:"image:height";s:3:"330";}'),
	(28, 'https://decorrespondent.nl/117/wat-is-al-shabaab', 'https://t.co/oz3vuNlwOz', 'https://decorrespondent.nl/117/wat-is-al-shabaab/5097807-4d0304a8', '2013-10-04 11:36:16', 'a:10:{s:3:"url";s:65:"https://decorrespondent.nl/117/wat-is-al-shabaab/5097807-4d0304a8";s:6:"locale";s:5:"nl_NL";s:5:"title";s:18:"Wat is Al-Shabaab?";s:11:"description";s:139:"Zijn er nog meer veel in het nieuws voorkomende groeperingen waarvan je benieuwd bent wie ze precies zijn en wat ze willen? Laat het weten.";s:9:"site_name";s:16:"De Correspondent";s:4:"type";s:7:"article";s:22:"article:published_time";s:10:"1380878077";s:21:"article:modified_time";s:10:"1380878077";s:14:"article:author";s:15:"Maite Vermeulen";s:15:"article:section";s:27:"Conflict &amp; Ontwikkeling";}'),
	(29, 'https://decorrespondent.nl/72/wat-ronkt-er-onder-de-motorkap-van-de-informatiesamenleving', 'https://t.co/wMruU5pZPy', 'https://decorrespondent.nl/72/wat-ronkt-er-onder-de-motorkap-van-de-informatiesamenleving/3506184-c98d313c', '2013-10-04 11:36:16', 'a:10:{s:3:"url";s:106:"https://decorrespondent.nl/72/wat-ronkt-er-onder-de-motorkap-van-de-informatiesamenleving/3506184-c98d313c";s:6:"locale";s:5:"nl_NL";s:5:"title";s:60:"Wat ronkt er onder de motorkap van de informatiesamenleving?";s:11:"description";s:0:"";s:9:"site_name";s:16:"De Correspondent";s:4:"type";s:7:"article";s:22:"article:published_time";s:10:"1380889230";s:21:"article:modified_time";s:10:"1380889230";s:14:"article:author";s:17:"Dimitri Tokmetzis";s:15:"article:section";s:24:"Data &amp; Transparantie";}'),
	(30, 'https://decorrespondent.nl/31/gelekt-het-format', 'https://t.co/Wxoe9yvWqc', 'https://decorrespondent.nl/31/gelekt-het-format/104083430-2973a390', '2013-10-04 11:36:16', 'a:10:{s:3:"url";s:66:"https://decorrespondent.nl/31/gelekt-het-format/104083430-2973a390";s:6:"locale";s:5:"nl_NL";s:5:"title";s:18:"Gelekt! Het Format";s:11:"description";s:0:"";s:9:"site_name";s:16:"De Correspondent";s:4:"type";s:7:"article";s:22:"article:published_time";s:10:"1380881252";s:21:"article:modified_time";s:10:"1380881252";s:14:"article:author";s:14:"Daan Windhorst";s:15:"article:section";s:6:"Satire";}'),
	(35, 'https://decorrespondent.nl/98/de-pingpong-correspondent', 'https://t.co/yTyq4ACYb9', 'https://decorrespondent.nl/98/de-pingpong-correspondent/1733351774-9be45f15', '2013-10-04 21:20:05', 'a:10:{s:3:"url";s:75:"https://decorrespondent.nl/98/de-pingpong-correspondent/1733351774-9be45f15";s:6:"locale";s:5:"nl_NL";s:5:"title";s:25:"De Pingpong-correspondent";s:11:"description";s:148:"Het debat over ons asielbeleid zit muurvast. Welke manieren zien jullie om het open te breken? Naar welke oplossingsrichtingen moet ik op zoek gaan?";s:9:"site_name";s:16:"De Correspondent";s:4:"type";s:7:"article";s:22:"article:published_time";s:10:"1380609486";s:21:"article:modified_time";s:10:"1380609486";s:14:"article:author";s:13:"Karel Smouter";s:15:"article:section";s:20:"Migratie &amp; Asiel";}'),
	(32, 'https://decorrespondent.nl/121/waar-blijft-luilekkerland', 'https://t.co/YRgr1hrji0', 'https://decorrespondent.nl/121/waar-blijft-luilekkerland/4651845-d68f7e68', '2013-10-04 14:20:04', 'a:15:{s:3:"url";s:73:"https://decorrespondent.nl/121/waar-blijft-luilekkerland/4651845-d68f7e68";s:6:"locale";s:5:"nl_NL";s:5:"title";s:26:"Waar blijft Luilekkerland?";s:11:"description";s:0:"";s:9:"site_name";s:16:"De Correspondent";s:4:"type";s:7:"article";s:22:"article:published_time";s:10:"1380892594";s:21:"article:modified_time";s:10:"1380892594";s:14:"article:author";s:14:"Rutger Bregman";s:15:"article:section";s:11:"Vooruitgang";s:5:"image";s:86:"https://dynamic.decorrespondent.nl/ff-1380885803/media/660/524ea52b137299.27410514.jpg";s:16:"image:secure_url";s:86:"https://dynamic.decorrespondent.nl/ff-1380885803/media/660/524ea52b137299.27410514.jpg";s:10:"image:type";s:10:"image/jpeg";s:11:"image:width";s:3:"660";s:12:"image:height";s:3:"330";}'),
	(33, 'https://decorrespondent.nl/23/filter-bubbles-en-serendipiteit-of-waarom-je-correspondenten-kunt-volgen', 'https://t.co/ABjmsQ51mI', 'https://decorrespondent.nl/23/filter-bubbles-en-serendipiteit-of-waarom-je-correspondenten-kunt-volgen/648439-4682e150', '2013-10-04 14:40:06', 'a:15:{s:3:"url";s:118:"https://decorrespondent.nl/23/filter-bubbles-en-serendipiteit-of-waarom-je-correspondenten-kunt-volgen/648439-4682e150";s:6:"locale";s:5:"nl_NL";s:5:"title";s:75:"Filter bubbles en serendipiteit (of: waarom je correspondenten kunt volgen)";s:11:"description";s:0:"";s:9:"site_name";s:16:"De Correspondent";s:4:"type";s:7:"article";s:22:"article:published_time";s:10:"1380821221";s:21:"article:modified_time";s:10:"1380821221";s:14:"article:author";s:16:"Ernst-Jan Pfauth";s:15:"article:section";s:37:"Nieuwe journalistiek &amp; Literatuur";s:5:"image";s:86:"https://dynamic.decorrespondent.nl/ff-1380802772/media/660/524d60d4346226.84808312.jpg";s:16:"image:secure_url";s:86:"https://dynamic.decorrespondent.nl/ff-1380802772/media/660/524d60d4346226.84808312.jpg";s:10:"image:type";s:10:"image/jpeg";s:11:"image:width";s:3:"660";s:12:"image:height";s:3:"330";}'),
	(34, 'https://decorrespondent.nl/64/stop-bitching-start-a-revolution', 'https://t.co/xqEJqQOz6c', 'https://decorrespondent.nl/64/stop-bitching-start-a-revolution/3383488064-a3059f31', '2013-10-04 16:50:04', 'a:15:{s:3:"url";s:82:"https://decorrespondent.nl/64/stop-bitching-start-a-revolution/3383488064-a3059f31";s:6:"locale";s:5:"nl_NL";s:5:"title";s:33:"Stop bitching, start a revolution";s:11:"description";s:111:"Heb jij een project dat je aan wilt melden? Laat het me vooral hieronder weten of via jelle@decorrespondent.nl.";s:9:"site_name";s:16:"De Correspondent";s:4:"type";s:7:"article";s:22:"article:published_time";s:10:"1380531652";s:21:"article:modified_time";s:10:"1380531652";s:14:"article:author";s:21:"Jelle Brandt Corstius";s:15:"article:section";s:15:"Nieuw Nederland";s:5:"image";s:86:"https://dynamic.decorrespondent.nl/ff-1380531644/media/660/52493dbcf2ff12.04334633.jpg";s:16:"image:secure_url";s:86:"https://dynamic.decorrespondent.nl/ff-1380531644/media/660/52493dbcf2ff12.04334633.jpg";s:10:"image:type";s:10:"image/jpeg";s:11:"image:width";s:3:"660";s:12:"image:height";s:3:"330";}'),
	(37, 'http://decorrespondent.nl/53/hollands-next-marsbewoner', 'http://t.co/lxoV8oHN5G', 'http://decorrespondent.nl/53/hollands-next-marsbewoner/679059161-f7d7c93b', '2013-10-05 02:07:02', 'a:15:{s:3:"url";s:74:"https://decorrespondent.nl/53/hollands-next-marsbewoner/679059161-f7d7c93b";s:6:"locale";s:5:"nl_NL";s:5:"title";s:31:"Holland&#039;s Next Marsbewoner";s:11:"description";s:0:"";s:9:"site_name";s:16:"De Correspondent";s:4:"type";s:7:"article";s:22:"article:published_time";s:10:"1380873028";s:21:"article:modified_time";s:10:"1380900860";s:14:"article:author";s:18:"Joris van Casteren";s:15:"article:section";s:36:"Buitengewoon &amp; Buitenaards leven";s:5:"image";s:86:"https://dynamic.decorrespondent.nl/ff-1380820493/media/660/524c1450596880.94169572.jpg";s:16:"image:secure_url";s:86:"https://dynamic.decorrespondent.nl/ff-1380820493/media/660/524c1450596880.94169572.jpg";s:10:"image:type";s:10:"image/jpeg";s:11:"image:width";s:3:"660";s:12:"image:height";s:3:"330";}'),
	(38, 'https://decorrespondent.nl/88/het-land-van-carnaval-en-gedwongen-keizersnedes', 'https://t.co/yx7njeguvd', 'https://decorrespondent.nl/88/het-land-van-carnaval-en-gedwongen-keizersnedes/4080090960-9deae8b0', '2013-10-05 07:40:06', 'a:15:{s:3:"url";s:97:"https://decorrespondent.nl/88/het-land-van-carnaval-en-gedwongen-keizersnedes/4080090960-9deae8b0";s:6:"locale";s:5:"nl_NL";s:5:"title";s:47:"Het land van carnaval en gedwongen keizersnedes";s:11:"description";s:0:"";s:9:"site_name";s:16:"De Correspondent";s:4:"type";s:7:"article";s:22:"article:published_time";s:10:"1380944700";s:21:"article:modified_time";s:10:"1380922746";s:14:"article:author";s:13:"Jos de Putter";s:15:"article:section";s:16:"Webdocumentaires";s:5:"image";s:86:"https://dynamic.decorrespondent.nl/ff-1380922284/media/660/524f338ae47a92.16490588.jpg";s:16:"image:secure_url";s:86:"https://dynamic.decorrespondent.nl/ff-1380922284/media/660/524f338ae47a92.16490588.jpg";s:10:"image:type";s:10:"image/jpeg";s:11:"image:width";s:3:"660";s:12:"image:height";s:3:"330";}'),
	(39, 'https://decorrespondent.nl/22/leesvoer-voor-het-weekend', 'https://t.co/v6LJfxveYa', 'https://decorrespondent.nl/22/leesvoer-voor-het-weekend/676632-aea584c0', '2013-10-05 09:40:05', 'a:15:{s:3:"url";s:71:"https://decorrespondent.nl/22/leesvoer-voor-het-weekend/676632-aea584c0";s:6:"locale";s:5:"nl_NL";s:5:"title";s:25:"Leesvoer voor het weekend";s:11:"description";s:0:"";s:9:"site_name";s:16:"De Correspondent";s:4:"type";s:7:"article";s:22:"article:published_time";s:10:"1380944700";s:21:"article:modified_time";s:10:"1380958299";s:14:"article:author";s:12:"Rob Wijnberg";s:15:"article:section";s:31:"Media, Politiek &amp; Filosofie";s:5:"image";s:86:"https://dynamic.decorrespondent.nl/ff-1380907736/media/660/524efad89a5696.78083791.jpg";s:16:"image:secure_url";s:86:"https://dynamic.decorrespondent.nl/ff-1380907736/media/660/524efad89a5696.78083791.jpg";s:10:"image:type";s:10:"image/jpeg";s:11:"image:width";s:3:"660";s:12:"image:height";s:3:"330";}'),
	(40, 'https://decorrespondent.nl/13/hoe-transparantie-het-antwoord-op-alles-werd', 'https://t.co/57WTpgYw2Y', 'https://decorrespondent.nl/13/hoe-transparantie-het-antwoord-op-alles-werd/605306273-15223c98', '2013-10-05 10:20:05', 'a:15:{s:3:"url";s:93:"https://decorrespondent.nl/13/hoe-transparantie-het-antwoord-op-alles-werd/605306273-15223c98";s:6:"locale";s:5:"nl_NL";s:5:"title";s:56:"Hoe &#039;transparantie&#039; het antwoord op alles werd";s:11:"description";s:0:"";s:9:"site_name";s:16:"De Correspondent";s:4:"type";s:7:"article";s:22:"article:published_time";s:10:"1380895099";s:21:"article:modified_time";s:10:"1380895099";s:14:"article:author";s:11:"Lynn Berger";s:15:"article:section";s:35:"Technologie, Cultuur &amp; Clichés";s:5:"image";s:86:"https://dynamic.decorrespondent.nl/ff-1380895092/media/660/5242ec1979b4f3.73622454.jpg";s:16:"image:secure_url";s:86:"https://dynamic.decorrespondent.nl/ff-1380895092/media/660/5242ec1979b4f3.73622454.jpg";s:10:"image:type";s:10:"image/jpeg";s:11:"image:width";s:3:"660";s:12:"image:height";s:3:"330";}'),
	(41, 'https://decorrespondent.nl/107/de-nederlandse-staatsschuld-is-niet-te-hoog', 'https://t.co/AaWJxY9Pvm', 'https://decorrespondent.nl/107/de-nederlandse-staatsschuld-is-niet-te-hoog/717962938-1dd6a754', '2013-10-05 15:10:06', 'a:10:{s:3:"url";s:93:"https://decorrespondent.nl/107/de-nederlandse-staatsschuld-is-niet-te-hoog/717962938-1dd6a754";s:6:"locale";s:5:"nl_NL";s:5:"title";s:43:"De Nederlandse staatsschuld is niet te hoog";s:11:"description";s:0:"";s:9:"site_name";s:16:"De Correspondent";s:4:"type";s:7:"article";s:22:"article:published_time";s:10:"1380665018";s:21:"article:modified_time";s:10:"1380665018";s:14:"article:author";s:17:"Dimitri Tokmetzis";s:15:"article:section";s:24:"Data &amp; Transparantie";}'),
	(42, 'https://decorrespondent.nl/74/een-kopieerapparaat-dat-altijd-werkt', 'https://t.co/SGG0flgVYk', 'https://decorrespondent.nl/74/een-kopieerapparaat-dat-altijd-werkt/2865223834-8a6e5189', '2013-10-05 16:00:07', 'a:10:{s:3:"url";s:86:"https://decorrespondent.nl/74/een-kopieerapparaat-dat-altijd-werkt/2865223834-8a6e5189";s:6:"locale";s:5:"nl_NL";s:5:"title";s:36:"Een kopieerapparaat dat altijd werkt";s:11:"description";s:0:"";s:9:"site_name";s:16:"De Correspondent";s:4:"type";s:7:"article";s:22:"article:published_time";s:10:"1380489974";s:21:"article:modified_time";s:10:"1380489974";s:14:"article:author";s:15:"Johannes Visser";s:15:"article:section";s:9:"Onderwijs";}'),
	(43, 'https://decorrespondent.nl/123/wil-de-echte-utopist-nu-opstaan', 'https://t.co/UbIKWo2bhN', 'https://decorrespondent.nl/123/wil-de-echte-utopist-nu-opstaan/9142221-b8dceb2b', '2013-10-05 16:30:08', 'a:10:{s:3:"url";s:79:"https://decorrespondent.nl/123/wil-de-echte-utopist-nu-opstaan/9142221-b8dceb2b";s:6:"locale";s:5:"nl_NL";s:5:"title";s:32:"Wil de echte utopist nu opstaan?";s:11:"description";s:211:"Proberen we migratiestromen inderdaad te veel te reguleren? Is er een pragmatisch midden te vinden tussen het ideaal van open grenzen en de droom van gesloten grenzen? Ik lees uw wijze bijdragen graag hieronder.";s:9:"site_name";s:16:"De Correspondent";s:4:"type";s:7:"article";s:22:"article:published_time";s:10:"1380982629";s:21:"article:modified_time";s:10:"1380983136";s:14:"article:author";s:13:"Karel Smouter";s:15:"article:section";s:20:"Migratie &amp; Asiel";}'),
	(44, 'https://decorrespondent.nl/65/wat-wil-je-van-evgeny-morozov-weten-', 'https://t.co/K4m6d1SaVJ', 'https://decorrespondent.nl/65/wat-wil-je-van-evgeny-morozov-weten-/1999140-b2e28ff2', '2013-10-05 16:40:06', 'a:10:{s:3:"url";s:83:"https://decorrespondent.nl/65/wat-wil-je-van-evgeny-morozov-weten-/1999140-b2e28ff2";s:6:"locale";s:5:"nl_NL";s:5:"title";s:37:"Wat wil je van Evgeny Morozov weten? ";s:11:"description";s:0:"";s:9:"site_name";s:16:"De Correspondent";s:4:"type";s:7:"article";s:22:"article:published_time";s:10:"1380484948";s:21:"article:modified_time";s:10:"1380484948";s:14:"article:author";s:15:"Maurits Martijn";s:15:"article:section";s:30:"Technologie &amp; Surveillance";}'),
	(45, 'https://decorrespondent.nl/15/van-jonge-menschen-de-dingen-die-vooruitgaan', 'https://t.co/DOmtwTdffF', 'https://decorrespondent.nl/15/van-jonge-menschen-de-dingen-die-vooruitgaan/671749485-3cebe5f0', '2013-10-05 16:40:06', 'a:10:{s:3:"url";s:93:"https://decorrespondent.nl/15/van-jonge-menschen-de-dingen-die-vooruitgaan/671749485-3cebe5f0";s:6:"locale";s:5:"nl_NL";s:5:"title";s:45:"Van jonge menschen, de dingen die vooruitgaan";s:11:"description";s:219:"Volg me ook op Twitter (@rcbregman). In mijn tuin hoop ik met jullie in discussie te gaan over tal van zaken: de staat van het (hoger) onderwijs, de kosten van de zorg en - bovenal - de echte uitdagingen van deze eeuw! ";s:9:"site_name";s:16:"De Correspondent";s:4:"type";s:7:"article";s:22:"article:published_time";s:10:"1380891649";s:21:"article:modified_time";s:10:"1380891649";s:14:"article:author";s:14:"Rutger Bregman";s:15:"article:section";s:11:"Vooruitgang";}'),
	(46, 'https://decorrespondent.nl/62/medewerkers-van-de-nsa-bespioneren-exen-en-bedpartners', 'https://t.co/wJfH8wuWAr', 'https://decorrespondent.nl/62/medewerkers-van-de-nsa-bespioneren-exen-en-bedpartners/1213088404-71aa1ff6', '2013-10-06 18:40:06', 'a:10:{s:3:"url";s:104:"https://decorrespondent.nl/62/medewerkers-van-de-nsa-bespioneren-exen-en-bedpartners/1213088404-71aa1ff6";s:6:"locale";s:5:"nl_NL";s:5:"title";s:54:"Medewerkers van de NSA bespioneren exen en bedpartners";s:11:"description";s:0:"";s:9:"site_name";s:16:"De Correspondent";s:4:"type";s:7:"article";s:22:"article:published_time";s:10:"1380545504";s:21:"article:modified_time";s:10:"1380545504";s:14:"article:author";s:15:"Maurits Martijn";s:15:"article:section";s:30:"Technologie &amp; Surveillance";}');
/*!40000 ALTER TABLE `artikelen` ENABLE KEYS */;

-- Dumpen data van tabel decorrespondent.meta: ~195 rows (ongeveer)
/*!40000 ALTER TABLE `meta` DISABLE KEYS */;
INSERT INTO `meta` (`ID`, `waarde`, `type`) VALUES
	(1, 'Hoe Nederland grootmacht in schaduwbankieren werd', 'title'),
	(2, '', 'description'),
	(3, 'article', 'type'),
	(4, '1380884653', 'article:published_time'),
	(5, '1380884653', 'article:modified_time'),
	(6, 'Ewald Engelen', 'article:author'),
	(7, 'Financiële Sector &amp; Schaduwelites', 'article:section'),
	(8, 'Beter dan The Bridge', 'title'),
	(9, '1380789410', 'article:published_time'),
	(10, '1380789410', 'article:modified_time'),
	(11, 'Nina Polak', 'article:author'),
	(12, 'Televisie, Games, Films &amp; Literatuur', 'article:section'),
	(13, 'https://dynamic.decorrespondent.nl/ff-1380483590/media/660/524882068fb9a1.07197642.jpg', 'image'),
	(14, 'https://dynamic.decorrespondent.nl/ff-1380483590/media/660/524882068fb9a1.07197642.jpg', 'image:secure_url'),
	(15, 'image/jpeg', 'image:type'),
	(16, '660', 'image:width'),
	(17, '330', 'image:height'),
	(18, 'De oplossing voor (bijna) alles: minder werken', 'title'),
	(19, 'Zou jij een deel van je koopkracht willen inleveren voor meer vrije tijd? Zo ja, onder welke voorwaarden? Ik ben benieuwd naar jullie mening.', 'description'),
	(20, '1380889742', 'article:published_time'),
	(21, '1380889742', 'article:modified_time'),
	(22, 'Rutger Bregman', 'article:author'),
	(23, 'Vooruitgang', 'article:section'),
	(24, 'https://dynamic.decorrespondent.nl/ff-1380486684/media/660/52488481872683.51580291.jpg', 'image'),
	(25, 'https://dynamic.decorrespondent.nl/ff-1380486684/media/660/52488481872683.51580291.jpg', 'image:secure_url'),
	(26, 'Het participatiegezin is de toekomst', 'title'),
	(27, 'Ken of ben je iemand die onderdeel uitmaakt van een participatiegezin? Ik hoor er graag meer over!', 'description'),
	(28, '1380536892', 'article:published_time'),
	(29, '1380536892', 'article:modified_time'),
	(30, 'Daan Windhorst', 'article:author'),
	(31, 'Satire', 'article:section'),
	(32, 'https://dynamic.decorrespondent.nl/ff-1380466537/media/660/5246c25ab09680.81152907.jpg', 'image'),
	(33, 'https://dynamic.decorrespondent.nl/ff-1380466537/media/660/5246c25ab09680.81152907.jpg', 'image:secure_url'),
	(34, 'Persbericht van Al-Shabaab', 'title'),
	(35, '1380702505', 'article:published_time'),
	(36, '1380702505', 'article:modified_time'),
	(37, 'Rob Wijnberg', 'article:author'),
	(38, 'Media, Politiek &amp; Filosofie', 'article:section'),
	(39, 'https://dynamic.decorrespondent.nl/ff-1380641283/media/660/524aea03e8bbc2.72166706.jpg', 'image'),
	(40, 'https://dynamic.decorrespondent.nl/ff-1380641283/media/660/524aea03e8bbc2.72166706.jpg', 'image:secure_url'),
	(41, 'Niemand weet wie onze staatsschuld bezit', 'title'),
	(42, '1380721779', 'article:published_time'),
	(43, '1380721779', 'article:modified_time'),
	(44, 'Dimitri Tokmetzis', 'article:author'),
	(45, 'Data &amp; Transparantie', 'article:section'),
	(46, 'https://dynamic.decorrespondent.nl/ff-1380664110/media/660/524ae31a7ebe77.71571107.jpg', 'image'),
	(47, 'https://dynamic.decorrespondent.nl/ff-1380664110/media/660/524ae31a7ebe77.71571107.jpg', 'image:secure_url'),
	(48, 'Politiek en popcorn', 'title'),
	(49, 'Voel jij je betrokken bij de politiek? Zie jij wel wat terug van de visie van politici? Ik zou daar graag meer over horen.', 'description'),
	(50, '1380794616', 'article:published_time'),
	(51, '1380794616', 'article:modified_time'),
	(52, 'Ernst-Jan Pfauth', 'article:author'),
	(53, 'Nieuwe journalistiek &amp; Literatuur', 'article:section'),
	(54, 'https://dynamic.decorrespondent.nl/ff-1380653342/media/660/524b191eb24655.84347623.jpg', 'image'),
	(55, 'https://dynamic.decorrespondent.nl/ff-1380653342/media/660/524b191eb24655.84347623.jpg', 'image:secure_url'),
	(56, 'De wereld vergaat maar mensen blijven hun best doen', 'title'),
	(57, '1380529208', 'article:published_time'),
	(58, '1380529208', 'article:modified_time'),
	(59, 'De barmhartige donor', 'title'),
	(60, 'Voor het verhaal over Samaritaanse donatie ben ik op zoek naar mensen die bij leven een orgaan afstaan aan een vreemde. Ken of ben jij zo iemand? Of kun je anderszins bijdragen aan dit verhaal? Laat het me hieronder of per mail weten.', 'description'),
	(61, '1380549979', 'article:published_time'),
	(62, '1380549979', 'article:modified_time'),
	(63, 'Vera Mulder', 'article:author'),
	(64, 'Maatschappij, Gedrag &amp; Groepen', 'article:section'),
	(65, 'Wat is de creatieve industrie?', 'title'),
	(66, '1380874403', 'article:published_time'),
	(67, '1380874403', 'article:modified_time'),
	(68, 'Lynn Berger', 'article:author'),
	(69, 'Technologie, Cultuur &amp; Clichés', 'article:section'),
	(70, 'Met papa en mama in de daklozenopvang', 'title'),
	(71, '1380632222', 'article:published_time'),
	(72, '1380632222', 'article:modified_time'),
	(73, 'https://dynamic.decorrespondent.nl/ff-1380484462/media/660/5248856e79ebd4.52047155.jpg', 'image'),
	(74, 'https://dynamic.decorrespondent.nl/ff-1380484462/media/660/5248856e79ebd4.52047155.jpg', 'image:secure_url'),
	(75, 'Speuren naar verhalen in de databerg', 'title'),
	(76, '1380488542', 'article:published_time'),
	(77, '1380488542', 'article:modified_time'),
	(78, 'https://dynamic.decorrespondent.nl/ff-1380526693/media/660/52489558ba2a51.00529821.jpg', 'image'),
	(79, 'https://dynamic.decorrespondent.nl/ff-1380526693/media/660/52489558ba2a51.00529821.jpg', 'image:secure_url'),
	(80, 'Silicon Savannah - de onzichtbare innovatie in Afrika', 'title'),
	(81, 'Zijn er nog vragen over de ict-sector in Afrika die jullie specifiek beantwoord willen zien? Laat het me dan vooral weten. ', 'description'),
	(82, '1380707659', 'article:published_time'),
	(83, '1380707659', 'article:modified_time'),
	(84, 'Maite Vermeulen', 'article:author'),
	(85, 'Conflict &amp; Ontwikkeling', 'article:section'),
	(86, 'Breivik gaat studeren', 'title'),
	(87, '1380614467', 'article:published_time'),
	(88, '1380614467', 'article:modified_time'),
	(89, 'Femke Halsema', 'article:author'),
	(90, 'Criminaliteit &amp; Populaire cultuur', 'article:section'),
	(91, 'https://dynamic.decorrespondent.nl/ff-1380572980/media/660/5249df34a77a75.78082711.jpg', 'image'),
	(92, 'https://dynamic.decorrespondent.nl/ff-1380572980/media/660/5249df34a77a75.78082711.jpg', 'image:secure_url'),
	(93, 'Europa gelooft steeds minder in democratie', 'title'),
	(94, 'Mijn vraag van vandaag: hoe komt het dat die neergang van vertrouwen in de democratie niet tot meer onrust leidt?', 'description'),
	(95, '1380878028', 'article:published_time'),
	(96, '1380878028', 'article:modified_time'),
	(97, 'David Van Reybrouck', 'article:author'),
	(98, 'Democratie, Cartografie &amp; Conflictanalyse', 'article:section'),
	(99, 'https://dynamic.decorrespondent.nl/ff-1380820966/media/660/524da7e6b30ce4.97874757.jpg', 'image'),
	(100, 'https://dynamic.decorrespondent.nl/ff-1380820966/media/660/524da7e6b30ce4.97874757.jpg', 'image:secure_url'),
	(101, 'De terugkeer van de Muur', 'title'),
	(102, 'Ik zie in de explosie van het aantal grensmuren in de wereld sterke aanwijzingen voor mondiale Apartheid.  Maar hoe kijken jullie daar tegen aan? Zien jullie andere aanwijzingen? Of juist tekenen die de stelling ontkrachten?', 'description'),
	(103, '1380557548', 'article:published_time'),
	(104, '1380557548', 'article:modified_time'),
	(105, 'Dick Wittenberg', 'article:author'),
	(106, 'Ongelijkheid, Globalisering &amp; Armoede', 'article:section'),
	(107, 'https://dynamic.decorrespondent.nl/ff-1380481813/media/660/52487b15e51cd8.92763008.jpg', 'image'),
	(108, 'https://dynamic.decorrespondent.nl/ff-1380481813/media/660/52487b15e51cd8.92763008.jpg', 'image:secure_url'),
	(109, 'Holland&#039;s Next Marsbewoner', 'title'),
	(110, '1380873028', 'article:published_time'),
	(111, '1380900860', 'article:modified_time'),
	(112, 'Joris van Casteren', 'article:author'),
	(113, 'Buitengewoon &amp; Buitenaards leven', 'article:section'),
	(114, 'https://dynamic.decorrespondent.nl/ff-1380820493/media/660/524c1450596880.94169572.jpg', 'image'),
	(115, 'https://dynamic.decorrespondent.nl/ff-1380820493/media/660/524c1450596880.94169572.jpg', 'image:secure_url'),
	(116, 'Draagbare Heimat', 'title'),
	(117, '1380628692', 'article:published_time'),
	(118, '1380628692', 'article:modified_time'),
	(119, 'Arnon Grunberg', 'article:author'),
	(120, 'Hotelmens', 'article:section'),
	(121, 'https://dynamic.decorrespondent.nl/ff-1380483100/media/660/5248801cb58118.27467968.jpg', 'image'),
	(122, 'https://dynamic.decorrespondent.nl/ff-1380483100/media/660/5248801cb58118.27467968.jpg', 'image:secure_url'),
	(123, 'Wat is Al-Shabaab?', 'title'),
	(124, 'Zijn er nog meer veel in het nieuws voorkomende groeperingen waarvan je benieuwd bent wie ze precies zijn en wat ze willen? Laat het weten.', 'description'),
	(125, '1380878077', 'article:published_time'),
	(126, '1380878077', 'article:modified_time'),
	(127, 'Wat ronkt er onder de motorkap van de informatiesamenleving?', 'title'),
	(128, '1380889230', 'article:published_time'),
	(129, '1380889230', 'article:modified_time'),
	(130, 'Gelekt! Het Format', 'title'),
	(131, '1380881252', 'article:published_time'),
	(132, '1380881252', 'article:modified_time'),
	(133, 'De Pingpong-correspondent', 'title'),
	(134, 'Het debat over ons asielbeleid zit muurvast. Welke manieren zien jullie om het open te breken? Naar welke oplossingsrichtingen moet ik op zoek gaan?', 'description'),
	(135, '1380609486', 'article:published_time'),
	(136, '1380609486', 'article:modified_time'),
	(137, 'Karel Smouter', 'article:author'),
	(138, 'Migratie &amp; Asiel', 'article:section'),
	(139, 'Waar blijft Luilekkerland?', 'title'),
	(140, '1380892594', 'article:published_time'),
	(141, '1380892594', 'article:modified_time'),
	(142, 'https://dynamic.decorrespondent.nl/ff-1380885803/media/660/524ea52b137299.27410514.jpg', 'image'),
	(143, 'https://dynamic.decorrespondent.nl/ff-1380885803/media/660/524ea52b137299.27410514.jpg', 'image:secure_url'),
	(144, 'Filter bubbles en serendipiteit (of: waarom je correspondenten kunt volgen)', 'title'),
	(145, '1380821221', 'article:published_time'),
	(146, '1380821221', 'article:modified_time'),
	(147, 'https://dynamic.decorrespondent.nl/ff-1380802772/media/660/524d60d4346226.84808312.jpg', 'image'),
	(148, 'https://dynamic.decorrespondent.nl/ff-1380802772/media/660/524d60d4346226.84808312.jpg', 'image:secure_url'),
	(149, 'Stop bitching, start a revolution', 'title'),
	(150, 'Heb jij een project dat je aan wilt melden? Laat het me vooral hieronder weten of via jelle@decorrespondent.nl.', 'description'),
	(151, '1380531652', 'article:published_time'),
	(152, '1380531652', 'article:modified_time'),
	(153, 'Jelle Brandt Corstius', 'article:author'),
	(154, 'Nieuw Nederland', 'article:section'),
	(155, 'https://dynamic.decorrespondent.nl/ff-1380531644/media/660/52493dbcf2ff12.04334633.jpg', 'image'),
	(156, 'https://dynamic.decorrespondent.nl/ff-1380531644/media/660/52493dbcf2ff12.04334633.jpg', 'image:secure_url'),
	(157, 'Het land van carnaval en gedwongen keizersnedes', 'title'),
	(158, '1380944700', 'article:published_time'),
	(159, '1380922746', 'article:modified_time'),
	(160, 'Jos de Putter', 'article:author'),
	(161, 'Webdocumentaires', 'article:section'),
	(162, 'https://dynamic.decorrespondent.nl/ff-1380922284/media/660/524f338ae47a92.16490588.jpg', 'image'),
	(163, 'https://dynamic.decorrespondent.nl/ff-1380922284/media/660/524f338ae47a92.16490588.jpg', 'image:secure_url'),
	(164, 'Leesvoer voor het weekend', 'title'),
	(165, '1380958299', 'article:modified_time'),
	(166, 'https://dynamic.decorrespondent.nl/ff-1380907736/media/660/524efad89a5696.78083791.jpg', 'image'),
	(167, 'https://dynamic.decorrespondent.nl/ff-1380907736/media/660/524efad89a5696.78083791.jpg', 'image:secure_url'),
	(168, 'Hoe &#039;transparantie&#039; het antwoord op alles werd', 'title'),
	(169, '1380895099', 'article:published_time'),
	(170, '1380895099', 'article:modified_time'),
	(171, 'https://dynamic.decorrespondent.nl/ff-1380895092/media/660/5242ec1979b4f3.73622454.jpg', 'image'),
	(172, 'https://dynamic.decorrespondent.nl/ff-1380895092/media/660/5242ec1979b4f3.73622454.jpg', 'image:secure_url'),
	(173, 'De Nederlandse staatsschuld is niet te hoog', 'title'),
	(174, '1380665018', 'article:published_time'),
	(175, '1380665018', 'article:modified_time'),
	(176, 'Een kopieerapparaat dat altijd werkt', 'title'),
	(177, '1380489974', 'article:published_time'),
	(178, '1380489974', 'article:modified_time'),
	(179, 'Johannes Visser', 'article:author'),
	(180, 'Onderwijs', 'article:section'),
	(181, 'Wil de echte utopist nu opstaan?', 'title'),
	(182, 'Proberen we migratiestromen inderdaad te veel te reguleren? Is er een pragmatisch midden te vinden tussen het ideaal van open grenzen en de droom van gesloten grenzen? Ik lees uw wijze bijdragen graag hieronder.', 'description'),
	(183, '1380982629', 'article:published_time'),
	(184, '1380983136', 'article:modified_time'),
	(185, 'Wat wil je van Evgeny Morozov weten? ', 'title'),
	(186, '1380484948', 'article:published_time'),
	(187, '1380484948', 'article:modified_time'),
	(188, 'Maurits Martijn', 'article:author'),
	(189, 'Technologie &amp; Surveillance', 'article:section'),
	(190, 'Van jonge menschen, de dingen die vooruitgaan', 'title'),
	(191, 'Volg me ook op Twitter (@rcbregman). In mijn tuin hoop ik met jullie in discussie te gaan over tal van zaken: de staat van het (hoger) onderwijs, de kosten van de zorg en - bovenal - de echte uitdagingen van deze eeuw! ', 'description'),
	(192, '1380891649', 'article:published_time'),
	(193, '1380891649', 'article:modified_time'),
	(194, 'Medewerkers van de NSA bespioneren exen en bedpartners', 'title'),
	(195, '1380545504', 'article:published_time'),
	(196, '1380545504', 'article:modified_time');
/*!40000 ALTER TABLE `meta` ENABLE KEYS */;

-- Dumpen data van tabel decorrespondent.meta_artikel: ~338 rows (ongeveer)
/*!40000 ALTER TABLE `meta_artikel` DISABLE KEYS */;
INSERT INTO `meta_artikel` (`ID`, `art_id`, `meta_id`) VALUES
	(1, 7, 1),
	(2, 7, 2),
	(3, 7, 3),
	(4, 7, 4),
	(5, 7, 5),
	(6, 7, 6),
	(7, 7, 7),
	(8, 6, 8),
	(9, 6, 2),
	(10, 6, 3),
	(11, 6, 9),
	(12, 6, 10),
	(13, 6, 11),
	(14, 6, 12),
	(15, 6, 13),
	(16, 6, 14),
	(17, 6, 15),
	(18, 6, 16),
	(19, 6, 17),
	(20, 5, 18),
	(21, 5, 19),
	(22, 5, 3),
	(23, 5, 20),
	(24, 5, 21),
	(25, 5, 22),
	(26, 5, 23),
	(27, 5, 24),
	(28, 5, 25),
	(29, 5, 15),
	(30, 5, 16),
	(31, 5, 17),
	(32, 8, 26),
	(33, 8, 27),
	(34, 8, 3),
	(35, 8, 28),
	(36, 8, 29),
	(37, 8, 30),
	(38, 8, 31),
	(39, 8, 32),
	(40, 8, 33),
	(41, 8, 15),
	(42, 8, 16),
	(43, 8, 17),
	(44, 9, 34),
	(45, 9, 2),
	(46, 9, 3),
	(47, 9, 35),
	(48, 9, 36),
	(49, 9, 37),
	(50, 9, 38),
	(51, 9, 39),
	(52, 9, 40),
	(53, 9, 15),
	(54, 9, 16),
	(55, 9, 17),
	(56, 10, 41),
	(57, 10, 2),
	(58, 10, 3),
	(59, 10, 42),
	(60, 10, 43),
	(61, 10, 44),
	(62, 10, 45),
	(63, 10, 46),
	(64, 10, 47),
	(65, 10, 15),
	(66, 10, 16),
	(67, 10, 17),
	(68, 11, 48),
	(69, 11, 49),
	(70, 11, 3),
	(71, 11, 50),
	(72, 11, 51),
	(73, 11, 52),
	(74, 11, 53),
	(75, 11, 54),
	(76, 11, 55),
	(77, 11, 15),
	(78, 11, 16),
	(79, 11, 17),
	(80, 12, 56),
	(81, 12, 2),
	(82, 12, 3),
	(83, 12, 57),
	(84, 12, 58),
	(85, 12, 52),
	(86, 12, 53),
	(87, 13, 59),
	(88, 13, 60),
	(89, 13, 3),
	(90, 13, 61),
	(91, 13, 62),
	(92, 13, 63),
	(93, 13, 64),
	(94, 14, 65),
	(95, 14, 2),
	(96, 14, 3),
	(97, 14, 66),
	(98, 14, 67),
	(99, 14, 68),
	(100, 14, 69),
	(101, 15, 70),
	(102, 15, 2),
	(103, 15, 3),
	(104, 15, 71),
	(105, 15, 72),
	(106, 15, 63),
	(107, 15, 64),
	(108, 15, 73),
	(109, 15, 74),
	(110, 15, 15),
	(111, 15, 16),
	(112, 15, 17),
	(113, 16, 75),
	(114, 16, 2),
	(115, 16, 3),
	(116, 16, 76),
	(117, 16, 77),
	(118, 16, 44),
	(119, 16, 45),
	(120, 16, 78),
	(121, 16, 79),
	(122, 16, 15),
	(123, 16, 16),
	(124, 16, 17),
	(125, 17, 80),
	(126, 17, 81),
	(127, 17, 3),
	(128, 17, 82),
	(129, 17, 83),
	(130, 17, 84),
	(131, 17, 85),
	(132, 18, 86),
	(133, 18, 2),
	(134, 18, 3),
	(135, 18, 87),
	(136, 18, 88),
	(137, 18, 89),
	(138, 18, 90),
	(139, 18, 91),
	(140, 18, 92),
	(141, 18, 15),
	(142, 18, 16),
	(143, 18, 17),
	(144, 24, 93),
	(145, 24, 94),
	(146, 24, 3),
	(147, 24, 95),
	(148, 24, 96),
	(149, 24, 97),
	(150, 24, 98),
	(151, 24, 99),
	(152, 24, 100),
	(153, 24, 15),
	(154, 24, 16),
	(155, 24, 17),
	(156, 25, 101),
	(157, 25, 102),
	(158, 25, 3),
	(159, 25, 103),
	(160, 25, 104),
	(161, 25, 105),
	(162, 25, 106),
	(163, 25, 107),
	(164, 25, 108),
	(165, 25, 15),
	(166, 25, 16),
	(167, 25, 17),
	(168, 26, 109),
	(169, 26, 2),
	(170, 26, 3),
	(171, 26, 110),
	(172, 26, 111),
	(173, 26, 112),
	(174, 26, 113),
	(175, 26, 114),
	(176, 26, 115),
	(177, 26, 15),
	(178, 26, 16),
	(179, 26, 17),
	(180, 27, 116),
	(181, 27, 2),
	(182, 27, 3),
	(183, 27, 117),
	(184, 27, 118),
	(185, 27, 119),
	(186, 27, 120),
	(187, 27, 121),
	(188, 27, 122),
	(189, 27, 15),
	(190, 27, 16),
	(191, 27, 17),
	(192, 28, 123),
	(193, 28, 124),
	(194, 28, 3),
	(195, 28, 125),
	(196, 28, 126),
	(197, 28, 84),
	(198, 28, 85),
	(199, 29, 127),
	(200, 29, 2),
	(201, 29, 3),
	(202, 29, 128),
	(203, 29, 129),
	(204, 29, 44),
	(205, 29, 45),
	(206, 30, 130),
	(207, 30, 2),
	(208, 30, 3),
	(209, 30, 131),
	(210, 30, 132),
	(211, 30, 30),
	(212, 30, 31),
	(213, 35, 133),
	(214, 35, 134),
	(215, 35, 3),
	(216, 35, 135),
	(217, 35, 136),
	(218, 35, 137),
	(219, 35, 138),
	(220, 32, 139),
	(221, 32, 2),
	(222, 32, 3),
	(223, 32, 140),
	(224, 32, 141),
	(225, 32, 22),
	(226, 32, 23),
	(227, 32, 142),
	(228, 32, 143),
	(229, 32, 15),
	(230, 32, 16),
	(231, 32, 17),
	(232, 33, 144),
	(233, 33, 2),
	(234, 33, 3),
	(235, 33, 145),
	(236, 33, 146),
	(237, 33, 52),
	(238, 33, 53),
	(239, 33, 147),
	(240, 33, 148),
	(241, 33, 15),
	(242, 33, 16),
	(243, 33, 17),
	(244, 34, 149),
	(245, 34, 150),
	(246, 34, 3),
	(247, 34, 151),
	(248, 34, 152),
	(249, 34, 153),
	(250, 34, 154),
	(251, 34, 155),
	(252, 34, 156),
	(253, 34, 15),
	(254, 34, 16),
	(255, 34, 17),
	(256, 37, 109),
	(257, 37, 2),
	(258, 37, 3),
	(259, 37, 110),
	(260, 37, 111),
	(261, 37, 112),
	(262, 37, 113),
	(263, 37, 114),
	(264, 37, 115),
	(265, 37, 15),
	(266, 37, 16),
	(267, 37, 17),
	(268, 38, 157),
	(269, 38, 2),
	(270, 38, 3),
	(271, 38, 158),
	(272, 38, 159),
	(273, 38, 160),
	(274, 38, 161),
	(275, 38, 162),
	(276, 38, 163),
	(277, 38, 15),
	(278, 38, 16),
	(279, 38, 17),
	(280, 39, 164),
	(281, 39, 2),
	(282, 39, 3),
	(283, 39, 158),
	(284, 39, 165),
	(285, 39, 37),
	(286, 39, 38),
	(287, 39, 166),
	(288, 39, 167),
	(289, 39, 15),
	(290, 39, 16),
	(291, 39, 17),
	(292, 40, 168),
	(293, 40, 2),
	(294, 40, 3),
	(295, 40, 169),
	(296, 40, 170),
	(297, 40, 68),
	(298, 40, 69),
	(299, 40, 171),
	(300, 40, 172),
	(301, 40, 15),
	(302, 40, 16),
	(303, 40, 17),
	(304, 41, 173),
	(305, 41, 2),
	(306, 41, 3),
	(307, 41, 174),
	(308, 41, 175),
	(309, 41, 44),
	(310, 41, 45),
	(311, 42, 176),
	(312, 42, 2),
	(313, 42, 3),
	(314, 42, 177),
	(315, 42, 178),
	(316, 42, 179),
	(317, 42, 180),
	(318, 43, 181),
	(319, 43, 182),
	(320, 43, 3),
	(321, 43, 183),
	(322, 43, 184),
	(323, 43, 137),
	(324, 43, 138),
	(325, 44, 185),
	(326, 44, 2),
	(327, 44, 3),
	(328, 44, 186),
	(329, 44, 187),
	(330, 44, 188),
	(331, 44, 189),
	(332, 45, 190),
	(333, 45, 191),
	(334, 45, 3),
	(335, 45, 192),
	(336, 45, 193),
	(337, 45, 22),
	(338, 45, 23),
	(339, 46, 194),
	(340, 46, 2),
	(341, 46, 3),
	(342, 46, 195),
	(343, 46, 196),
	(344, 46, 188),
	(345, 46, 189);
/*!40000 ALTER TABLE `meta_artikel` ENABLE KEYS */;
/*!40101 SET SQL_MODE=IFNULL(@OLD_SQL_MODE, '') */;
/*!40014 SET FOREIGN_KEY_CHECKS=IF(@OLD_FOREIGN_KEY_CHECKS IS NULL, 1, @OLD_FOREIGN_KEY_CHECKS) */;
/*!40101 SET CHARACTER_SET_CLIENT=@OLD_CHARACTER_SET_CLIENT */;
